beta,n_1,group,s_1,s_2,stable
0.0,1,1.0,0.1,0.1,True
0.0,2,1.0,0.1,0.1,True
0.0,3,1.0,0.1,0.1,True
0.0,4,1.0,0.1,0.1,True
0.0,5,1.0,0.1,0.1,True
0.0,6,1.0,0.1,0.1,True
0.0,7,1.0,0.1,0.1,True
0.0,8,1.0,0.1,0.1,True
0.0,9,1.0,0.1,0.1,True
0.05,1,1.0,0.1,0.1,True
0.05,2,1.0,0.1,0.1,True
0.05,3,1.0,0.1,0.1,True
0.05,4,1.0,0.1,0.1,True
0.05,5,1.0,0.1,0.1,True
0.05,6,1.0,0.1,0.1,True
0.05,7,1.0,0.1,0.1,True
0.05,8,1.0,0.1,0.1,True
0.05,9,1.0,0.1,0.1,True
0.1,1,1.0,0.1,0.1,True
0.1,2,1.0,0.1,0.1,True
0.1,3,1.0,0.1,0.1,True
0.1,4,1.0,0.1,0.1,True
0.1,5,1.0,0.1,0.1,True
0.1,6,1.0,0.1,0.1,True
0.1,7,1.0,0.1,0.1,True
0.1,8,1.0,0.1,0.1,True
0.1,9,1.0,0.1,0.1,True
0.15000000000000002,1,1.0,0.1,0.1,True
0.15000000000000002,2,1.0,0.1,0.1,True
0.15000000000000002,3,1.0,0.1,0.1,True
0.15000000000000002,4,1.0,0.1,0.1,True
0.15000000000000002,5,1.0,0.1,0.1,True
0.15000000000000002,6,1.0,0.1,0.1,True
0.15000000000000002,7,1.0,0.1,0.1,True
0.15000000000000002,8,1.0,0.1,0.1,True
0.15000000000000002,9,1.0,0.1,0.1,True
0.2,1,1.0,0.1,0.1,True
0.2,2,1.0,0.1,0.1,True
0.2,3,1.0,0.1,0.1,True
0.2,4,1.0,0.1,0.1,True
0.2,5,1.0,0.1,0.1,True
0.2,6,1.0,0.1,0.1,True
0.2,7,1.0,0.1,0.1,True
0.2,8,1.0,0.1,0.1,True
0.2,9,1.0,0.1,0.1,True
0.25,1,1.0,0.1,0.1,True
0.25,2,1.0,0.1,0.1,True
0.25,3,1.0,0.1,0.1,True
0.25,4,1.0,0.1,0.1,True
0.25,5,1.0,0.1,0.1,True
0.25,6,1.0,0.1,0.1,True
0.25,7,1.0,0.1,0.1,True
0.25,8,1.0,0.1,0.1,True
0.25,9,1.0,0.1,0.1,True
0.30000000000000004,1,1.0,0.1,0.1,True
0.30000000000000004,2,1.0,0.1,0.1,True
0.30000000000000004,3,1.0,0.1,0.1,True
0.30000000000000004,4,1.0,0.1,0.1,True
0.30000000000000004,5,1.0,0.1,0.1,True
0.30000000000000004,6,1.0,0.1,0.1,True
0.30000000000000004,7,1.0,0.1,0.1,True
0.30000000000000004,8,1.0,0.1,0.1,True
0.30000000000000004,9,1.0,0.1,0.1,True
0.35000000000000003,1,1.0,0.1,0.1,True
0.35000000000000003,2,1.0,0.1,0.1,True
0.35000000000000003,3,1.0,0.1,0.1,True
0.35000000000000003,4,1.0,0.1,0.1,True
0.35000000000000003,5,1.0,0.1,0.1,True
0.35000000000000003,6,1.0,0.1,0.1,True
0.35000000000000003,7,1.0,0.1,0.1,True
0.35000000000000003,8,1.0,0.1,0.1,True
0.35000000000000003,9,1.0,0.1,0.1,True
0.4,1,1.0,0.1,0.1,True
0.4,2,1.0,0.1,0.1,True
0.4,3,1.0,0.1,0.1,True
0.4,4,1.0,0.1,0.1,True
0.4,5,1.0,0.1,0.1,True
0.4,6,1.0,0.1,0.1,True
0.4,7,1.0,0.1,0.1,True
0.4,8,1.0,0.1,0.1,True
0.4,9,1.0,0.1,0.1,True
0.45,1,1.0,0.1,0.1,True
0.45,2,1.0,0.1,0.1,True
0.45,3,1.0,0.1,0.1,True
0.45,4,1.0,0.1,0.1,True
0.45,5,1.0,0.1,0.1,True
0.45,6,1.0,0.1,0.1,True
0.45,7,1.0,0.1,0.1,True
0.45,8,1.0,0.1,0.1,True
0.45,9,1.0,0.1,0.1,True
0.5,1,1.0,0.1,0.1,True
0.5,2,1.0,0.1,0.1,True
0.5,3,1.0,0.1,0.1,True
0.5,4,1.0,0.1,0.1,True
0.5,5,1.0,0.1,0.1,True
0.5,6,1.0,0.1,0.1,True
0.5,7,1.0,0.1,0.1,True
0.5,8,1.0,0.1,0.1,True
0.5,9,1.0,0.1,0.1,True
0.55,1,1.0,0.1,0.1,True
0.55,2,1.0,0.1,0.1,True
0.55,3,1.0,0.1,0.1,True
0.55,4,1.0,0.1,0.1,True
0.55,5,1.0,0.1,0.1,True
0.55,6,1.0,0.1,0.1,True
0.55,7,1.0,0.1,0.1,True
0.55,8,1.0,0.1,0.1,True
0.55,9,1.0,0.1,0.1,True
0.6000000000000001,1,1.0,0.1,0.1,True
0.6000000000000001,2,1.0,0.1,0.1,True
0.6000000000000001,3,1.0,0.1,0.1,True
0.6000000000000001,4,1.0,0.1,0.1,True
0.6000000000000001,5,1.0,0.1,0.1,True
0.6000000000000001,6,1.0,0.1,0.1,True
0.6000000000000001,7,1.0,0.1,0.1,True
0.6000000000000001,8,1.0,0.1,0.1,True
0.6000000000000001,9,1.0,0.1,0.1,True
0.65,1,1.0,0.1,0.1,True
0.65,2,1.0,0.1,0.1,True
0.65,3,1.0,0.1,0.1,True
0.65,4,1.0,0.1,0.1,True
0.65,5,1.0,0.1,0.1,True
0.65,6,1.0,0.1,0.1,True
0.65,7,1.0,0.1,0.1,True
0.65,8,1.0,0.1,0.1,True
0.65,9,1.0,0.1,0.1,True
0.7000000000000001,1,1.0,0.1,0.1,True
0.7000000000000001,2,1.0,0.1,0.1,True
0.7000000000000001,3,1.0,0.1,0.1,True
0.7000000000000001,4,1.0,0.1,0.1,True
0.7000000000000001,5,1.0,0.1,0.1,True
0.7000000000000001,6,1.0,0.1,0.1,True
0.7000000000000001,7,1.0,0.1,0.1,True
0.7000000000000001,8,1.0,0.1,0.1,True
0.7000000000000001,9,1.0,0.1,0.1,True
0.75,1,1.0,0.1,0.1,True
0.75,2,1.0,0.1,0.1,True
0.75,3,1.0,0.1,0.1,True
0.75,4,1.0,0.1,0.1,True
0.75,5,1.0,0.1,0.1,True
0.75,6,1.0,0.1,0.1,True
0.75,7,1.0,0.1,0.1,True
0.75,8,1.0,0.1,0.1,True
0.75,9,1.0,0.1,0.1,True
0.8,1,1.0,0.1,0.1,True
0.8,2,1.0,0.1,0.1,True
0.8,3,1.0,0.1,0.1,True
0.8,4,1.0,0.1,0.1,True
0.8,5,1.0,0.1,0.1,True
0.8,6,1.0,0.1,0.1,True
0.8,7,1.0,0.1,0.1,True
0.8,8,1.0,0.1,0.1,True
0.8,9,1.0,0.1,0.1,True
0.8500000000000001,1,1.0,0.1,0.1,True
0.8500000000000001,2,1.0,0.1,0.1,True
0.8500000000000001,3,1.0,0.1,0.1,True
0.8500000000000001,4,1.0,0.1,0.1,True
0.8500000000000001,5,1.0,0.1,0.1,True
0.8500000000000001,6,1.0,0.1,0.1,True
0.8500000000000001,7,1.0,0.1,0.1,True
0.8500000000000001,8,1.0,0.1,0.1,True
0.8500000000000001,9,1.0,0.1,0.1,True
0.9,1,1.0,0.1,0.1,True
0.9,2,1.0,0.1,0.1,True
0.9,3,1.0,0.1,0.1,True
0.9,4,1.0,0.1,0.1,True
0.9,5,1.0,0.1,0.1,True
0.9,6,1.0,0.1,0.1,True
0.9,7,1.0,0.1,0.1,True
0.9,8,1.0,0.1,0.1,True
0.9,9,1.0,0.1,0.1,True
0.9500000000000001,1,1.0,0.1,0.1,True
0.9500000000000001,2,1.0,0.1,0.1,True
0.9500000000000001,3,1.0,0.1,0.1,True
0.9500000000000001,4,1.0,0.1,0.1,True
0.9500000000000001,5,1.0,0.1,0.1,True
0.9500000000000001,6,1.0,0.1,0.1,True
0.9500000000000001,7,1.0,0.1,0.1,True
0.9500000000000001,8,1.0,0.1,0.1,True
0.9500000000000001,9,1.0,0.1,0.1,True
1.0,1,1.0,0.1,0.1,True
1.0,2,1.0,0.1,0.1,True
1.0,3,1.0,0.1,0.1,True
1.0,4,1.0,0.1,0.1,True
1.0,5,1.0,0.1,0.1,True
1.0,6,1.0,0.1,0.1,True
1.0,7,1.0,0.1,0.1,True
1.0,8,1.0,0.1,0.1,True
1.0,9,1.0,0.1,0.1,True
1.05,1,1.0,0.1,0.1,True
1.05,2,1.0,0.1,0.1,True
1.05,3,1.0,0.1,0.1,True
1.05,4,1.0,0.1,0.1,True
1.05,5,1.0,0.1,0.1,True
1.05,6,1.0,0.1,0.1,True
1.05,7,1.0,0.1,0.1,True
1.05,8,1.0,0.1,0.1,True
1.05,9,1.0,0.1,0.1,True
1.1,1,1.0,0.1,0.1,True
1.1,2,1.0,0.1,0.1,True
1.1,3,1.0,0.1,0.1,True
1.1,4,1.0,0.1,0.1,True
1.1,5,1.0,0.1,0.1,True
1.1,6,1.0,0.1,0.1,True
1.1,7,1.0,0.1,0.1,True
1.1,8,1.0,0.1,0.1,True
1.1,9,1.0,0.1,0.1,True
1.1500000000000001,1,1.0,0.1,0.1,True
1.1500000000000001,2,1.0,0.1,0.1,True
1.1500000000000001,3,1.0,0.1,0.1,True
1.1500000000000001,4,1.0,0.1,0.1,True
1.1500000000000001,5,1.0,0.1,0.1,True
1.1500000000000001,6,1.0,0.1,0.1,True
1.1500000000000001,7,1.0,0.1,0.1,True
1.1500000000000001,8,1.0,0.1,0.1,True
1.1500000000000001,9,1.0,0.1,0.1,True
1.2000000000000002,1,1.0,0.1,0.1,True
1.2000000000000002,2,1.0,0.1,0.1,True
1.2000000000000002,3,1.0,0.1,0.1,True
1.2000000000000002,4,1.0,0.1,0.1,True
1.2000000000000002,5,1.0,0.1,0.1,True
1.2000000000000002,6,1.0,0.1,0.1,True
1.2000000000000002,7,1.0,0.1,0.1,True
1.2000000000000002,8,1.0,0.1,0.1,True
1.2000000000000002,9,1.0,0.1,0.1,True
1.25,1,1.0,0.1,0.1,True
1.25,2,1.0,0.1,0.1,True
1.25,3,1.0,0.1,0.1,True
1.25,4,1.0,0.1,0.1,True
1.25,5,1.0,0.1,0.1,True
1.25,6,1.0,0.1,0.1,True
1.25,7,1.0,0.1,0.1,True
1.25,8,1.0,0.1,0.1,True
1.25,9,1.0,0.1,0.1,True
1.3,1,1.0,0.1,0.1,True
1.3,2,1.0,0.1,0.1,True
1.3,3,1.0,0.1,0.1,True
1.3,4,1.0,0.1,0.1,True
1.3,5,1.0,0.1,0.1,True
1.3,6,1.0,0.1,0.1,True
1.3,7,1.0,0.1,0.1,True
1.3,8,1.0,0.1,0.1,True
1.3,9,1.0,0.1,0.1,True
1.35,1,1.0,0.1,0.1,True
1.35,2,1.0,0.1,0.1,True
1.35,3,1.0,0.1,0.1,True
1.35,4,1.0,0.1,0.1,True
1.35,5,1.0,0.1,0.1,True
1.35,6,1.0,0.1,0.1,True
1.35,7,1.0,0.1,0.1,True
1.35,8,1.0,0.1,0.1,True
1.35,9,1.0,0.1,0.1,True
1.4000000000000001,1,1.0,0.1,0.1,True
1.4000000000000001,2,1.0,0.1,0.1,True
1.4000000000000001,3,1.0,0.1,0.1,True
1.4000000000000001,4,1.0,0.1,0.1,True
1.4000000000000001,5,1.0,0.1,0.1,True
1.4000000000000001,6,1.0,0.1,0.1,True
1.4000000000000001,7,1.0,0.1,0.1,True
1.4000000000000001,8,1.0,0.1,0.1,True
1.4000000000000001,9,1.0,0.1,0.1,True
1.4500000000000002,1,1.0,0.1,0.1,True
1.4500000000000002,2,1.0,0.1,0.1,True
1.4500000000000002,3,1.0,0.1,0.1,True
1.4500000000000002,4,1.0,0.1,0.1,True
1.4500000000000002,5,1.0,0.1,0.1,True
1.4500000000000002,6,1.0,0.1,0.1,True
1.4500000000000002,7,1.0,0.1,0.1,True
1.4500000000000002,8,1.0,0.1,0.1,True
1.4500000000000002,9,1.0,0.1,0.1,True
1.5,1,1.0,0.1,0.1,True
1.5,2,1.0,0.1,0.1,True
1.5,3,1.0,0.1,0.1,True
1.5,4,1.0,0.1,0.1,True
1.5,5,1.0,0.1,0.1,True
1.5,6,1.0,0.1,0.1,True
1.5,7,1.0,0.1,0.1,True
1.5,8,1.0,0.1,0.1,True
1.5,9,1.0,0.1,0.1,True
1.55,1,1.0,0.1,0.1,True
1.55,2,1.0,0.1,0.1,True
1.55,3,1.0,0.1,0.1,True
1.55,4,1.0,0.1,0.1,True
1.55,5,1.0,0.1,0.1,True
1.55,6,1.0,0.1,0.1,True
1.55,7,1.0,0.1,0.1,True
1.55,8,1.0,0.1,0.1,True
1.55,9,1.0,0.1,0.1,True
1.6,1,1.0,0.1,0.1,True
1.6,2,1.0,0.1,0.1,True
1.6,3,1.0,0.1,0.1,True
1.6,4,1.0,0.1,0.1,True
1.6,5,1.0,0.1,0.1,True
1.6,6,1.0,0.1,0.1,True
1.6,7,1.0,0.1,0.1,True
1.6,8,1.0,0.1,0.1,True
1.6,9,1.0,0.1,0.1,True
1.6500000000000001,1,1.0,0.1,0.1,True
1.6500000000000001,2,1.0,0.1,0.1,True
1.6500000000000001,3,1.0,0.1,0.1,True
1.6500000000000001,4,1.0,0.1,0.1,True
1.6500000000000001,5,1.0,0.1,0.1,True
1.6500000000000001,6,1.0,0.1,0.1,True
1.6500000000000001,7,1.0,0.1,0.1,True
1.6500000000000001,8,1.0,0.1,0.1,True
1.6500000000000001,9,1.0,0.1,0.1,True
1.7000000000000002,1,1.0,0.1,0.1,True
1.7000000000000002,2,1.0,0.1,0.1,True
1.7000000000000002,3,1.0,0.1,0.1,True
1.7000000000000002,4,1.0,0.1,0.1,True
1.7000000000000002,5,1.0,0.1,0.1,True
1.7000000000000002,6,1.0,0.1,0.1,True
1.7000000000000002,7,1.0,0.1,0.1,True
1.7000000000000002,8,1.0,0.1,0.1,True
1.7000000000000002,9,1.0,0.1,0.1,True
1.75,1,1.0,0.1,0.1,True
1.75,2,1.0,0.1,0.1,True
1.75,3,1.0,0.1,0.1,True
1.75,4,1.0,0.1,0.1,True
1.75,5,1.0,0.1,0.1,True
1.75,6,1.0,0.1,0.1,True
1.75,7,1.0,0.1,0.1,True
1.75,8,1.0,0.1,0.1,True
1.75,9,1.0,0.1,0.1,True
1.8,1,1.0,0.1,0.1,True
1.8,2,1.0,0.1,0.1,True
1.8,3,1.0,0.1,0.1,True
1.8,4,1.0,0.1,0.1,True
1.8,5,1.0,0.1,0.1,True
1.8,6,1.0,0.1,0.1,True
1.8,7,1.0,0.1,0.1,True
1.8,8,1.0,0.1,0.1,True
1.8,9,1.0,0.1,0.1,True
1.85,1,1.0,0.1,0.1,True
1.85,2,1.0,0.1,0.1,True
1.85,3,1.0,0.1,0.1,True
1.85,4,1.0,0.1,0.1,True
1.85,5,1.0,0.1,0.1,True
1.85,6,1.0,0.1,0.1,True
1.85,7,1.0,0.1,0.1,True
1.85,8,1.0,0.1,0.1,True
1.85,9,1.0,0.1,0.1,True
1.9000000000000001,1,1.0,0.1,0.1,True
1.9000000000000001,2,1.0,0.1,0.1,True
1.9000000000000001,3,1.0,0.1,0.1,True
1.9000000000000001,4,1.0,0.1,0.1,True
1.9000000000000001,5,1.0,0.1,0.1,True
1.9000000000000001,6,1.0,0.1,0.1,True
1.9000000000000001,7,1.0,0.1,0.1,True
1.9000000000000001,8,1.0,0.1,0.1,True
1.9000000000000001,9,1.0,0.1,0.1,True
1.9500000000000002,1,1.0,0.1,0.1,True
1.9500000000000002,2,1.0,0.1,0.1,True
1.9500000000000002,3,1.0,0.1,0.1,True
1.9500000000000002,4,1.0,0.1,0.1,True
1.9500000000000002,5,1.0,0.1,0.1,True
1.9500000000000002,6,1.0,0.1,0.1,True
1.9500000000000002,7,1.0,0.1,0.1,True
1.9500000000000002,8,1.0,0.1,0.1,True
1.9500000000000002,9,1.0,0.1,0.1,True
2.0,1,1.0,0.1,0.1,True
2.0,2,1.0,0.1,0.1,True
2.0,3,1.0,0.1,0.1,True
2.0,4,1.0,0.1,0.1,True
2.0,5,1.0,0.1,0.1,True
2.0,6,1.0,0.1,0.1,True
2.0,7,1.0,0.1,0.1,True
2.0,8,1.0,0.1,0.1,True
2.0,9,1.0,0.1,0.1,True
2.0500000000000003,1,1.0,0.1,0.1,True
2.0500000000000003,2,1.0,0.1,0.1,True
2.0500000000000003,3,1.0,0.1,0.1,True
2.0500000000000003,4,1.0,0.1,0.1,True
2.0500000000000003,5,1.0,0.1,0.1,True
2.0500000000000003,6,1.0,0.1,0.1,True
2.0500000000000003,7,1.0,0.1,0.1,True
2.0500000000000003,8,1.0,0.1,0.1,True
2.0500000000000003,9,1.0,0.1,0.1,True
2.1,1,1.0,0.1,0.1,True
2.1,2,1.0,0.1,0.1,True
2.1,3,1.0,0.1,0.1,True
2.1,4,1.0,0.1,0.1,True
2.1,5,1.0,0.1,0.1,True
2.1,6,1.0,0.1,0.1,True
2.1,7,1.0,0.1,0.1,True
2.1,8,1.0,0.1,0.1,True
2.1,9,1.0,0.1,0.1,True
2.15,1,1.0,0.1,0.1,True
2.15,2,1.0,0.1,0.1,True
2.15,3,1.0,0.1,0.1,True
2.15,4,1.0,0.1,0.1,True
2.15,5,1.0,0.1,0.1,True
2.15,6,1.0,0.1,0.1,True
2.15,7,1.0,0.1,0.1,True
2.15,8,1.0,0.1,0.1,True
2.15,9,1.0,0.1,0.1,True
2.2,1,1.0,0.1,0.1,True
2.2,2,1.0,0.1,0.1,True
2.2,3,1.0,0.1,0.1,True
2.2,4,1.0,0.1,0.1,True
2.2,5,1.0,0.1,0.1,True
2.2,6,1.0,0.1,0.1,True
2.2,7,1.0,0.1,0.1,True
2.2,8,1.0,0.1,0.1,True
2.2,9,1.0,0.1,0.1,True
2.25,1,1.0,0.1,0.1,True
2.25,2,1.0,0.1,0.1,True
2.25,3,1.0,0.1,0.1,True
2.25,4,1.0,0.1,0.1,True
2.25,5,1.0,0.1,0.1,True
2.25,6,1.0,0.1,0.1,True
2.25,7,1.0,0.1,0.1,True
2.25,8,1.0,0.1,0.1,True
2.25,9,1.0,0.1,0.1,True
2.3000000000000003,1,1.0,0.1,0.1,True
2.3000000000000003,2,1.0,0.1,0.1,True
2.3000000000000003,3,1.0,0.1,0.1,True
2.3000000000000003,4,1.0,0.1,0.1,True
2.3000000000000003,5,1.0,0.1,0.1,True
2.3000000000000003,6,1.0,0.1,0.1,True
2.3000000000000003,7,1.0,0.1,0.1,True
2.3000000000000003,8,1.0,0.1,0.1,True
2.3000000000000003,9,1.0,0.1,0.1,True
2.35,1,1.0,0.1,0.1,True
2.35,2,1.0,0.1,0.1,True
2.35,3,1.0,0.1,0.1,True
2.35,4,1.0,0.1,0.1,True
2.35,5,1.0,0.1,0.1,True
2.35,6,1.0,0.1,0.1,True
2.35,7,1.0,0.1,0.1,True
2.35,8,1.0,0.1,0.1,True
2.35,9,1.0,0.1,0.1,True
2.4000000000000004,1,1.0,0.1,0.1,True
2.4000000000000004,2,1.0,0.1,0.1,True
2.4000000000000004,3,1.0,0.1,0.1,True
2.4000000000000004,4,1.0,0.1,0.1,True
2.4000000000000004,5,1.0,0.1,0.1,True
2.4000000000000004,6,1.0,0.1,0.1,True
2.4000000000000004,7,1.0,0.1,0.1,True
2.4000000000000004,8,1.0,0.1,0.1,True
2.4000000000000004,9,1.0,0.1,0.1,True
2.45,1,1.0,0.1,0.1,True
2.45,2,1.0,0.1,0.1,True
2.45,3,1.0,0.1,0.1,True
2.45,4,1.0,0.1,0.1,True
2.45,5,1.0,0.1,0.1,True
2.45,6,1.0,0.1,0.1,True
2.45,7,1.0,0.1,0.1,True
2.45,8,1.0,0.1,0.1,True
2.45,9,1.0,0.1,0.1,True
2.5,1,1.0,0.1,0.1,True
2.5,2,1.0,0.1,0.1,True
2.5,3,1.0,0.1,0.1,True
2.5,4,1.0,0.1,0.1,True
2.5,5,1.0,0.1,0.1,True
2.5,6,1.0,0.1,0.1,True
2.5,7,1.0,0.1,0.1,True
2.5,8,1.0,0.1,0.1,True
2.5,9,1.0,0.1,0.1,True
2.5500000000000003,1,1.0,0.1,0.1,True
2.5500000000000003,2,1.0,0.1,0.1,True
2.5500000000000003,3,1.0,0.1,0.1,True
2.5500000000000003,4,1.0,0.1,0.1,True
2.5500000000000003,5,1.0,0.1,0.1,True
2.5500000000000003,6,1.0,0.1,0.1,True
2.5500000000000003,7,1.0,0.1,0.1,True
2.5500000000000003,8,1.0,0.1,0.1,True
2.5500000000000003,9,1.0,0.1,0.1,True
2.6,1,1.0,0.1,0.1,True
2.6,2,1.0,0.1,0.1,True
2.6,3,1.0,0.1,0.1,True
2.6,4,1.0,0.1,0.1,True
2.6,5,1.0,0.1,0.1,True
2.6,6,1.0,0.1,0.1,True
2.6,7,1.0,0.1,0.1,True
2.6,8,1.0,0.1,0.1,True
2.6,9,1.0,0.1,0.1,True
2.6500000000000004,1,1.0,0.1,0.1,True
2.6500000000000004,2,1.0,0.1,0.1,True
2.6500000000000004,3,1.0,0.1,0.1,True
2.6500000000000004,4,1.0,0.1,0.1,True
2.6500000000000004,5,1.0,0.1,0.1,True
2.6500000000000004,6,1.0,0.1,0.1,True
2.6500000000000004,7,1.0,0.1,0.1,True
2.6500000000000004,8,1.0,0.1,0.1,True
2.6500000000000004,9,1.0,0.1,0.1,True
2.7,1,1.0,0.1,0.1,True
2.7,2,1.0,0.1,0.1,True
2.7,3,1.0,0.1,0.1,True
2.7,4,1.0,0.1,0.1,True
2.7,5,1.0,0.1,0.1,True
2.7,6,1.0,0.1,0.1,True
2.7,7,1.0,0.1,0.1,True
2.7,8,1.0,0.1,0.1,True
2.7,9,1.0,0.1,0.1,True
2.75,1,1.0,0.1,0.1,True
2.75,2,1.0,0.1,0.1,True
2.75,3,1.0,0.1,0.1,True
2.75,4,1.0,0.1,0.1,True
2.75,5,1.0,0.1,0.1,True
2.75,6,1.0,0.1,0.1,True
2.75,7,1.0,0.1,0.1,True
2.75,8,1.0,0.1,0.1,True
2.75,9,1.0,0.1,0.1,True
2.8000000000000003,1,1.0,0.1,0.1,True
2.8000000000000003,2,1.0,0.1,0.1,True
2.8000000000000003,3,1.0,0.1,0.1,True
2.8000000000000003,4,1.0,0.1,0.1,True
2.8000000000000003,5,1.0,0.1,0.1,True
2.8000000000000003,6,1.0,0.1,0.1,True
2.8000000000000003,7,1.0,0.1,0.1,True
2.8000000000000003,8,1.0,0.1,0.1,True
2.8000000000000003,9,1.0,0.1,0.1,True
2.85,1,1.0,0.1,0.1,True
2.85,2,1.0,0.1,0.1,True
2.85,3,1.0,0.1,0.1,True
2.85,4,1.0,0.1,0.1,True
2.85,5,1.0,0.1,0.1,True
2.85,6,1.0,0.1,0.1,True
2.85,7,1.0,0.1,0.1,True
2.85,8,1.0,0.1,0.1,True
2.85,9,1.0,0.1,0.1,True
2.9000000000000004,1,1.0,0.1,0.1,True
2.9000000000000004,2,1.0,0.1,0.1,True
2.9000000000000004,3,1.0,0.1,0.1,True
2.9000000000000004,4,1.0,0.1,0.1,True
2.9000000000000004,5,1.0,0.1,0.1,True
2.9000000000000004,6,1.0,0.1,0.1,True
2.9000000000000004,7,1.0,0.1,0.1,True
2.9000000000000004,8,1.0,0.1,0.1,True
2.9000000000000004,9,1.0,0.1,0.1,True
2.95,1,1.0,0.1,0.1,True
2.95,2,1.0,0.1,0.1,True
2.95,3,1.0,0.1,0.1,True
2.95,4,1.0,0.1,0.1,True
2.95,5,1.0,0.1,0.1,True
2.95,6,1.0,0.1,0.1,True
2.95,7,1.0,0.1,0.1,True
2.95,8,1.0,0.1,0.1,True
2.95,9,1.0,0.1,0.1,True
3.0,1,1.0,0.1,0.1,True
3.0,2,1.0,0.1,0.1,True
3.0,3,1.0,0.1,0.1,True
3.0,4,1.0,0.1,0.1,True
3.0,5,1.0,0.1,0.1,True
3.0,6,1.0,0.1,0.1,True
3.0,7,1.0,0.1,0.1,True
3.0,8,1.0,0.1,0.1,True
3.0,9,1.0,0.1,0.1,True
3.0500000000000003,1,1.0,0.1,0.1,True
3.0500000000000003,2,1.0,0.1,0.1,True
3.0500000000000003,3,1.0,0.1,0.1,True
3.0500000000000003,4,1.0,0.1,0.1,True
3.0500000000000003,5,1.0,0.1,0.1,True
3.0500000000000003,6,1.0,0.1,0.1,True
3.0500000000000003,7,1.0,0.1,0.1,True
3.0500000000000003,8,1.0,0.1,0.1,True
3.0500000000000003,9,1.0,0.1,0.1,True
3.1,1,1.0,0.1,0.1,True
3.1,2,1.0,0.1,0.1,True
3.1,3,1.0,0.1,0.1,True
3.1,4,1.0,0.1,0.1,True
3.1,5,1.0,0.1,0.1,True
3.1,6,1.0,0.1,0.1,True
3.1,7,1.0,0.1,0.1,True
3.1,8,1.0,0.1,0.1,True
3.1,9,1.0,0.1,0.1,True
3.1500000000000004,1,1.0,0.1,0.1,True
3.1500000000000004,2,1.0,0.1,0.1,True
3.1500000000000004,3,1.0,0.1,0.1,True
3.1500000000000004,4,1.0,0.1,0.1,True
3.1500000000000004,5,1.0,0.1,0.1,True
3.1500000000000004,6,1.0,0.1,0.1,True
3.1500000000000004,7,1.0,0.1,0.1,True
3.1500000000000004,8,1.0,0.1,0.1,True
3.1500000000000004,9,1.0,0.1,0.1,True
3.2,1,1.0,0.1,0.1,True
3.2,2,1.0,0.1,0.1,True
3.2,3,1.0,0.1,0.1,True
3.2,4,1.0,0.1,0.1,True
3.2,5,1.0,0.1,0.1,True
3.2,6,1.0,0.1,0.1,True
3.2,7,1.0,0.1,0.1,True
3.2,8,1.0,0.1,0.1,True
3.2,9,1.0,0.1,0.1,True
3.25,1,1.0,0.1,0.1,True
3.25,2,1.0,0.1,0.1,True
3.25,3,1.0,0.1,0.1,True
3.25,4,1.0,0.1,0.1,True
3.25,5,1.0,0.1,0.1,True
3.25,6,1.0,0.1,0.1,True
3.25,7,1.0,0.1,0.1,True
3.25,8,1.0,0.1,0.1,True
3.25,9,1.0,0.1,0.1,True
3.3000000000000003,1,1.0,0.1,0.1,True
3.3000000000000003,2,1.0,0.1,0.1,True
3.3000000000000003,3,1.0,0.1,0.1,True
3.3000000000000003,4,1.0,0.1,0.1,True
3.3000000000000003,5,1.0,0.1,0.1,True
3.3000000000000003,6,1.0,0.1,0.1,True
3.3000000000000003,7,1.0,0.1,0.1,True
3.3000000000000003,8,1.0,0.1,0.1,True
3.3000000000000003,9,1.0,0.1,0.1,True
3.35,1,1.0,0.1,0.1,True
3.35,2,1.0,0.1,0.1,True
3.35,3,1.0,0.1,0.1,True
3.35,4,1.0,0.1,0.1,True
3.35,5,1.0,0.1,0.1,True
3.35,6,1.0,0.1,0.1,True
3.35,7,1.0,0.1,0.1,True
3.35,8,1.0,0.1,0.1,True
3.35,9,1.0,0.1,0.1,True
3.4000000000000004,1,1.0,0.1,0.1,True
3.4000000000000004,2,1.0,0.1,0.1,True
3.4000000000000004,3,1.0,0.1,0.1,True
3.4000000000000004,4,1.0,0.1,0.1,True
3.4000000000000004,5,1.0,0.1,0.1,True
3.4000000000000004,6,1.0,0.1,0.1,True
3.4000000000000004,7,1.0,0.1,0.1,True
3.4000000000000004,8,1.0,0.1,0.1,True
3.4000000000000004,9,1.0,0.1,0.1,True
3.45,1,1.0,0.1,0.1,True
3.45,2,1.0,0.1,0.1,True
3.45,3,1.0,0.1,0.1,True
3.45,4,1.0,0.1,0.1,True
3.45,5,1.0,0.1,0.1,True
3.45,6,1.0,0.1,0.1,True
3.45,7,1.0,0.1,0.1,True
3.45,8,1.0,0.1,0.1,True
3.45,9,1.0,0.1,0.1,True
3.5,1,1.0,0.1,0.1,True
3.5,2,1.0,0.1,0.1,True
3.5,3,1.0,0.1,0.1,True
3.5,4,1.0,0.1,0.1,True
3.5,5,1.0,0.1,0.1,True
3.5,6,1.0,0.1,0.1,True
3.5,7,1.0,0.1,0.1,True
3.5,8,1.0,0.1,0.1,True
3.5,9,1.0,0.1,0.1,True
3.5500000000000003,1,1.0,0.1,0.1,True
3.5500000000000003,2,1.0,0.1,0.1,True
3.5500000000000003,3,1.0,0.1,0.1,True
3.5500000000000003,4,1.0,0.1,0.1,True
3.5500000000000003,5,1.0,0.1,0.1,True
3.5500000000000003,6,1.0,0.1,0.1,True
3.5500000000000003,7,1.0,0.1,0.1,True
3.5500000000000003,8,1.0,0.1,0.1,True
3.5500000000000003,9,1.0,0.1,0.1,True
3.6,1,1.0,0.1,0.1,True
3.6,2,1.0,0.1,0.1,True
3.6,3,1.0,0.1,0.1,True
3.6,4,1.0,0.1,0.1,True
3.6,5,1.0,0.1,0.1,True
3.6,6,1.0,0.1,0.1,True
3.6,7,1.0,0.1,0.1,True
3.6,8,1.0,0.1,0.1,True
3.6,9,1.0,0.1,0.1,True
3.6500000000000004,1,1.0,0.1,0.1,True
3.6500000000000004,2,1.0,0.1,0.1,True
3.6500000000000004,3,1.0,0.1,0.1,True
3.6500000000000004,4,1.0,0.1,0.1,True
3.6500000000000004,5,1.0,0.1,0.1,True
3.6500000000000004,6,1.0,0.1,0.1,True
3.6500000000000004,7,1.0,0.1,0.1,True
3.6500000000000004,8,1.0,0.1,0.1,True
3.6500000000000004,9,1.0,0.1,0.1,True
3.7,1,1.0,0.1,0.1,True
3.7,2,1.0,0.1,0.1,True
3.7,3,1.0,0.1,0.1,True
3.7,4,1.0,0.1,0.1,True
3.7,5,1.0,0.1,0.1,True
3.7,6,1.0,0.1,0.1,True
3.7,7,1.0,0.1,0.1,True
3.7,8,1.0,0.1,0.1,True
3.7,9,1.0,0.1,0.1,True
3.75,1,1.0,0.1,0.1,True
3.75,2,1.0,0.1,0.1,True
3.75,3,1.0,0.1,0.1,True
3.75,4,1.0,0.1,0.1,True
3.75,5,1.0,0.1,0.1,True
3.75,6,1.0,0.1,0.1,True
3.75,7,1.0,0.1,0.1,True
3.75,8,1.0,0.1,0.1,True
3.75,9,1.0,0.1,0.1,True
3.8000000000000003,1,1.0,0.1,0.1,True
3.8000000000000003,2,1.0,0.1,0.1,True
3.8000000000000003,3,1.0,0.1,0.1,True
3.8000000000000003,4,1.0,0.1,0.1,True
3.8000000000000003,5,1.0,0.1,0.1,True
3.8000000000000003,6,1.0,0.1,0.1,True
3.8000000000000003,7,1.0,0.1,0.1,True
3.8000000000000003,8,1.0,0.1,0.1,True
3.8000000000000003,9,1.0,0.1,0.1,True
3.85,1,1.0,0.1,0.1,True
3.85,2,1.0,0.1,0.1,True
3.85,3,1.0,0.1,0.1,True
3.85,4,1.0,0.1,0.1,True
3.85,5,1.0,0.1,0.1,True
3.85,6,1.0,0.1,0.1,True
3.85,7,1.0,0.1,0.1,True
3.85,8,1.0,0.1,0.1,True
3.85,9,1.0,0.1,0.1,True
3.9000000000000004,1,1.0,0.1,0.1,True
3.9000000000000004,2,1.0,0.1,0.1,True
3.9000000000000004,3,1.0,0.1,0.1,True
3.9000000000000004,4,1.0,0.1,0.1,True
3.9000000000000004,5,1.0,0.1,0.1,True
3.9000000000000004,6,1.0,0.1,0.1,True
3.9000000000000004,7,1.0,0.1,0.1,True
3.9000000000000004,8,1.0,0.1,0.1,True
3.9000000000000004,9,1.0,0.1,0.1,True
3.95,1,1.0,0.1,0.1,True
3.95,2,1.0,0.1,0.1,True
3.95,3,1.0,0.1,0.1,True
3.95,4,1.0,0.1,0.1,True
3.95,5,1.0,0.1,0.1,True
3.95,6,1.0,0.1,0.1,True
3.95,7,1.0,0.1,0.1,True
3.95,8,1.0,0.1,0.1,True
3.95,9,1.0,0.1,0.1,True
4.0,1,1.0,0.1,0.1,True
4.0,2,1.0,0.1,0.1,True
4.0,3,1.0,0.1,0.1,True
4.0,4,1.0,0.1,0.1,True
4.0,5,1.0,0.1,0.1,True
4.0,6,1.0,0.1,0.1,True
4.0,7,1.0,0.1,0.1,True
4.0,8,1.0,0.1,0.1,True
4.0,9,1.0,0.1,0.1,True
4.05,1,1.0,0.1,0.1,True
4.05,2,1.0,0.1,0.1,True
4.05,3,1.0,0.1,0.1,True
4.05,4,1.0,0.1,0.1,True
4.05,5,1.0,0.1,0.1,True
4.05,6,1.0,0.1,0.1,True
4.05,7,1.0,0.1,0.1,True
4.05,8,1.0,0.1,0.1,True
4.05,9,1.0,0.1,0.1,True
4.1000000000000005,1,1.0,0.1,0.1,True
4.1000000000000005,2,1.0,0.1,0.1,True
4.1000000000000005,3,1.0,0.1,0.1,True
4.1000000000000005,4,1.0,0.1,0.1,True
4.1000000000000005,5,1.0,0.1,0.1,True
4.1000000000000005,6,1.0,0.1,0.1,True
4.1000000000000005,7,1.0,0.1,0.1,True
4.1000000000000005,8,1.0,0.1,0.1,True
4.1000000000000005,9,1.0,0.1,0.1,True
4.15,1,1.0,0.1,0.1,True
4.15,2,1.0,0.1,0.1,True
4.15,3,1.0,0.1,0.1,True
4.15,4,1.0,0.1,0.1,True
4.15,5,1.0,0.1,0.1,True
4.15,6,1.0,0.1,0.1,True
4.15,7,1.0,0.1,0.1,True
4.15,8,1.0,0.1,0.1,True
4.15,9,1.0,0.1,0.1,True
4.2,1,1.0,0.1,0.1,True
4.2,2,1.0,0.1,0.1,True
4.2,3,1.0,0.1,0.1,True
4.2,4,1.0,0.1,0.1,True
4.2,5,1.0,0.1,0.1,True
4.2,6,1.0,0.1,0.1,True
4.2,7,1.0,0.1,0.1,True
4.2,8,1.0,0.1,0.1,True
4.2,9,1.0,0.1,0.1,True
4.25,1,1.0,0.1,0.1,True
4.25,2,1.0,0.1,0.1,True
4.25,3,1.0,0.1,0.1,True
4.25,4,1.0,0.1,0.1,True
4.25,5,1.0,0.1,0.1,True
4.25,6,1.0,0.1,0.1,True
4.25,7,1.0,0.1,0.1,True
4.25,8,1.0,0.1,0.1,True
4.25,9,1.0,0.1,0.1,True
4.3,1,1.0,0.1,0.1,True
4.3,2,1.0,0.1,0.1,True
4.3,3,1.0,0.1,0.1,True
4.3,4,1.0,0.1,0.1,True
4.3,5,1.0,0.1,0.1,True
4.3,6,1.0,0.1,0.1,True
4.3,7,1.0,0.1,0.1,True
4.3,8,1.0,0.1,0.1,True
4.3,9,1.0,0.1,0.1,True
4.3500000000000005,1,1.0,0.1,0.1,True
4.3500000000000005,2,1.0,0.1,0.1,True
4.3500000000000005,3,1.0,0.1,0.1,True
4.3500000000000005,4,1.0,0.1,0.1,True
4.3500000000000005,5,1.0,0.1,0.1,True
4.3500000000000005,6,1.0,0.1,0.1,True
4.3500000000000005,7,1.0,0.1,0.1,True
4.3500000000000005,8,1.0,0.1,0.1,True
4.3500000000000005,9,1.0,0.1,0.1,True
4.4,1,1.0,0.1,0.1,True
4.4,2,1.0,0.1,0.1,True
4.4,3,1.0,0.1,0.1,True
4.4,4,1.0,0.1,0.1,True
4.4,5,1.0,0.1,0.1,True
4.4,6,1.0,0.1,0.1,True
4.4,7,1.0,0.1,0.1,True
4.4,8,1.0,0.1,0.1,True
4.4,9,1.0,0.1,0.1,True
4.45,1,1.0,0.1,0.1,True
4.45,2,1.0,0.1,0.1,True
4.45,3,1.0,0.1,0.1,True
4.45,4,1.0,0.1,0.1,True
4.45,5,1.0,0.1,0.1,True
4.45,6,1.0,0.1,0.1,True
4.45,7,1.0,0.1,0.1,True
4.45,8,1.0,0.1,0.1,True
4.45,9,1.0,0.1,0.1,True
4.5,1,1.0,0.1,0.1,True
4.5,2,1.0,0.1,0.1,True
4.5,3,1.0,0.1,0.1,True
4.5,4,1.0,0.1,0.1,True
4.5,5,1.0,0.1,0.1,True
4.5,6,1.0,0.1,0.1,True
4.5,7,1.0,0.1,0.1,True
4.5,8,1.0,0.1,0.1,True
4.5,9,1.0,0.1,0.1,True
4.55,1,1.0,0.1,0.1,True
4.55,2,1.0,0.1,0.1,True
4.55,3,1.0,0.1,0.1,True
4.55,4,1.0,0.1,0.1,True
4.55,5,1.0,0.1,0.1,True
4.55,6,1.0,0.1,0.1,True
4.55,7,1.0,0.1,0.1,True
4.55,8,1.0,0.1,0.1,True
4.55,9,1.0,0.1,0.1,True
4.6000000000000005,1,1.0,0.1,0.1,True
4.6000000000000005,2,1.0,0.1,0.1,True
4.6000000000000005,3,1.0,0.1,0.1,True
4.6000000000000005,4,1.0,0.1,0.1,True
4.6000000000000005,5,1.0,0.1,0.1,True
4.6000000000000005,6,1.0,0.1,0.1,True
4.6000000000000005,7,1.0,0.1,0.1,True
4.6000000000000005,8,1.0,0.1,0.1,True
4.6000000000000005,9,1.0,0.1,0.1,True
4.65,1,1.0,0.1,0.1,True
4.65,1,2.0,0.514,0.054,False
4.65,1,3.0,0.694,0.034,True
4.65,2,1.0,0.1,0.1,True
4.65,3,1.0,0.1,0.1,True
4.65,4,1.0,0.1,0.1,True
4.65,5,1.0,0.1,0.1,True
4.65,6,1.0,0.1,0.1,True
4.65,7,1.0,0.1,0.1,True
4.65,8,1.0,0.1,0.1,True
4.65,9,1.0,0.1,0.1,True
4.7,1,1.0,0.1,0.1,True
4.7,1,2.0,0.461,0.06,False
4.7,1,3.0,0.741,0.029,True
4.7,2,1.0,0.1,0.1,True
4.7,3,1.0,0.1,0.1,True
4.7,4,1.0,0.1,0.1,True
4.7,5,1.0,0.1,0.1,True
4.7,6,1.0,0.1,0.1,True
4.7,7,1.0,0.1,0.1,True
4.7,8,1.0,0.1,0.1,True
4.7,9,1.0,0.1,0.1,True
4.75,1,1.0,0.1,0.1,True
4.75,1,2.0,0.423,0.064,False
4.75,1,3.0,0.772,0.025,True
4.75,2,1.0,0.1,0.1,True
4.75,3,1.0,0.1,0.1,True
4.75,4,1.0,0.1,0.1,True
4.75,5,1.0,0.1,0.1,True
4.75,6,1.0,0.1,0.1,True
4.75,7,1.0,0.1,0.1,True
4.75,8,1.0,0.1,0.1,True
4.75,9,1.0,0.1,0.1,True
4.800000000000001,1,1.0,0.1,0.1,True
4.800000000000001,1,2.0,0.393,0.067,False
4.800000000000001,1,3.0,0.797,0.023,True
4.800000000000001,2,1.0,0.1,0.1,True
4.800000000000001,3,1.0,0.1,0.1,True
4.800000000000001,4,1.0,0.1,0.1,True
4.800000000000001,5,1.0,0.1,0.1,True
4.800000000000001,6,1.0,0.1,0.1,True
4.800000000000001,7,1.0,0.1,0.1,True
4.800000000000001,8,1.0,0.1,0.1,True
4.800000000000001,9,1.0,0.1,0.1,True
4.8500000000000005,1,1.0,0.1,0.1,True
4.8500000000000005,1,2.0,0.367,0.07,False
4.8500000000000005,1,3.0,0.816,0.02,True
4.8500000000000005,2,1.0,0.1,0.1,True
4.8500000000000005,3,1.0,0.1,0.1,True
4.8500000000000005,4,1.0,0.1,0.1,True
4.8500000000000005,5,1.0,0.1,0.1,True
4.8500000000000005,6,1.0,0.1,0.1,True
4.8500000000000005,7,1.0,0.1,0.1,True
4.8500000000000005,8,1.0,0.1,0.1,True
4.8500000000000005,9,1.0,0.1,0.1,True
4.9,1,1.0,0.1,0.1,True
4.9,1,2.0,0.345,0.073,False
4.9,1,3.0,0.833,0.019,True
4.9,2,1.0,0.1,0.1,True
4.9,3,1.0,0.1,0.1,True
4.9,4,1.0,0.1,0.1,True
4.9,5,1.0,0.1,0.1,True
4.9,6,1.0,0.1,0.1,True
4.9,7,1.0,0.1,0.1,True
4.9,8,1.0,0.1,0.1,True
4.9,9,1.0,0.1,0.1,True
4.95,1,1.0,0.1,0.1,True
4.95,1,2.0,0.325,0.075,False
4.95,1,3.0,0.848,0.017,True
4.95,2,1.0,0.1,0.1,True
4.95,3,1.0,0.1,0.1,True
4.95,4,1.0,0.1,0.1,True
4.95,5,1.0,0.1,0.1,True
4.95,6,1.0,0.1,0.1,True
4.95,7,1.0,0.1,0.1,True
4.95,8,1.0,0.1,0.1,True
4.95,9,1.0,0.1,0.1,True
5.0,1,1.0,0.1,0.1,True
5.0,1,2.0,0.307,0.077,False
5.0,1,3.0,0.86,0.016,True
5.0,2,1.0,0.1,0.1,True
5.0,3,1.0,0.1,0.1,True
5.0,4,1.0,0.1,0.1,True
5.0,5,1.0,0.1,0.1,True
5.0,6,1.0,0.1,0.1,True
5.0,7,1.0,0.1,0.1,True
5.0,8,1.0,0.1,0.1,True
5.0,9,1.0,0.1,0.1,True
5.050000000000001,1,1.0,0.1,0.1,True
5.050000000000001,1,2.0,0.291,0.079,False
5.050000000000001,1,3.0,0.871,0.014,True
5.050000000000001,2,1.0,0.1,0.1,True
5.050000000000001,3,1.0,0.1,0.1,True
5.050000000000001,4,1.0,0.1,0.1,True
5.050000000000001,5,1.0,0.1,0.1,True
5.050000000000001,6,1.0,0.1,0.1,True
5.050000000000001,7,1.0,0.1,0.1,True
5.050000000000001,8,1.0,0.1,0.1,True
5.050000000000001,9,1.0,0.1,0.1,True
5.1000000000000005,1,1.0,0.1,0.1,True
5.1000000000000005,1,2.0,0.276,0.08,False
5.1000000000000005,1,3.0,0.881,0.013,True
5.1000000000000005,2,1.0,0.1,0.1,True
5.1000000000000005,3,1.0,0.1,0.1,True
5.1000000000000005,4,1.0,0.1,0.1,True
5.1000000000000005,5,1.0,0.1,0.1,True
5.1000000000000005,6,1.0,0.1,0.1,True
5.1000000000000005,7,1.0,0.1,0.1,True
5.1000000000000005,8,1.0,0.1,0.1,True
5.1000000000000005,9,1.0,0.1,0.1,True
5.15,1,1.0,0.1,0.1,True
5.15,1,2.0,0.262,0.082,False
5.15,1,3.0,0.89,0.012,True
5.15,2,1.0,0.1,0.1,True
5.15,3,1.0,0.1,0.1,True
5.15,4,1.0,0.1,0.1,True
5.15,5,1.0,0.1,0.1,True
5.15,6,1.0,0.1,0.1,True
5.15,7,1.0,0.1,0.1,True
5.15,8,1.0,0.1,0.1,True
5.15,9,1.0,0.1,0.1,True
5.2,1,1.0,0.1,0.1,True
5.2,1,2.0,0.25,0.083,False
5.2,1,3.0,0.898,0.011,True
5.2,2,1.0,0.1,0.1,True
5.2,3,1.0,0.1,0.1,True
5.2,4,1.0,0.1,0.1,True
5.2,5,1.0,0.1,0.1,True
5.2,6,1.0,0.1,0.1,True
5.2,7,1.0,0.1,0.1,True
5.2,8,1.0,0.1,0.1,True
5.2,9,1.0,0.1,0.1,True
5.25,1,1.0,0.1,0.1,True
5.25,1,2.0,0.238,0.085,False
5.25,1,3.0,0.906,0.01,True
5.25,2,1.0,0.1,0.1,True
5.25,3,1.0,0.1,0.1,True
5.25,4,1.0,0.1,0.1,True
5.25,5,1.0,0.1,0.1,True
5.25,6,1.0,0.1,0.1,True
5.25,7,1.0,0.1,0.1,True
5.25,8,1.0,0.1,0.1,True
5.25,9,1.0,0.1,0.1,True
5.300000000000001,1,1.0,0.1,0.1,True
5.300000000000001,1,2.0,0.227,0.086,False
5.300000000000001,1,3.0,0.912,0.01,True
5.300000000000001,2,1.0,0.1,0.1,True
5.300000000000001,3,1.0,0.1,0.1,True
5.300000000000001,4,1.0,0.1,0.1,True
5.300000000000001,5,1.0,0.1,0.1,True
5.300000000000001,6,1.0,0.1,0.1,True
5.300000000000001,7,1.0,0.1,0.1,True
5.300000000000001,8,1.0,0.1,0.1,True
5.300000000000001,9,1.0,0.1,0.1,True
5.3500000000000005,1,1.0,0.1,0.1,True
5.3500000000000005,1,2.0,0.217,0.087,False
5.3500000000000005,1,3.0,0.918,0.009,True
5.3500000000000005,2,1.0,0.1,0.1,True
5.3500000000000005,3,1.0,0.1,0.1,True
5.3500000000000005,4,1.0,0.1,0.1,True
5.3500000000000005,5,1.0,0.1,0.1,True
5.3500000000000005,6,1.0,0.1,0.1,True
5.3500000000000005,7,1.0,0.1,0.1,True
5.3500000000000005,8,1.0,0.1,0.1,True
5.3500000000000005,9,1.0,0.1,0.1,True
5.4,1,1.0,0.1,0.1,True
5.4,1,2.0,0.207,0.088,False
5.4,1,3.0,0.924,0.008,True
5.4,2,1.0,0.1,0.1,True
5.4,3,1.0,0.1,0.1,True
5.4,4,1.0,0.1,0.1,True
5.4,5,1.0,0.1,0.1,True
5.4,6,1.0,0.1,0.1,True
5.4,7,1.0,0.1,0.1,True
5.4,8,1.0,0.1,0.1,True
5.4,9,1.0,0.1,0.1,True
5.45,1,1.0,0.1,0.1,True
5.45,1,2.0,0.198,0.089,False
5.45,1,3.0,0.929,0.008,True
5.45,2,1.0,0.1,0.1,True
5.45,3,1.0,0.1,0.1,True
5.45,4,1.0,0.1,0.1,True
5.45,5,1.0,0.1,0.1,True
5.45,6,1.0,0.1,0.1,True
5.45,7,1.0,0.1,0.1,True
5.45,8,1.0,0.1,0.1,True
5.45,9,1.0,0.1,0.1,True
5.5,1,1.0,0.1,0.1,True
5.5,1,2.0,0.19,0.09,False
5.5,1,3.0,0.934,0.007,True
5.5,2,1.0,0.1,0.1,True
5.5,3,1.0,0.1,0.1,True
5.5,4,1.0,0.1,0.1,True
5.5,5,1.0,0.1,0.1,True
5.5,6,1.0,0.1,0.1,True
5.5,7,1.0,0.1,0.1,True
5.5,8,1.0,0.1,0.1,True
5.5,9,1.0,0.1,0.1,True
5.550000000000001,1,1.0,0.1,0.1,True
5.550000000000001,1,2.0,0.182,0.091,False
5.550000000000001,1,3.0,0.938,0.007,True
5.550000000000001,2,1.0,0.1,0.1,True
5.550000000000001,2,2.0,0.246,0.063,False
5.550000000000001,2,3.0,0.321,0.045,False
5.550000000000001,3,1.0,0.1,0.1,True
5.550000000000001,4,1.0,0.1,0.1,True
5.550000000000001,5,1.0,0.1,0.1,True
5.550000000000001,6,1.0,0.1,0.1,True
5.550000000000001,7,1.0,0.1,0.1,True
5.550000000000001,8,1.0,0.1,0.1,True
5.550000000000001,9,1.0,0.1,0.1,True
5.6000000000000005,1,1.0,0.1,0.1,True
5.6000000000000005,1,2.0,0.174,0.092,False
5.6000000000000005,1,3.0,0.942,0.006,True
5.6000000000000005,2,1.0,0.1,0.1,True
5.6000000000000005,2,2.0,0.22,0.07,False
5.6000000000000005,2,3.0,0.345,0.039,False
5.6000000000000005,3,1.0,0.1,0.1,True
5.6000000000000005,4,1.0,0.1,0.1,True
5.6000000000000005,5,1.0,0.1,0.1,True
5.6000000000000005,6,1.0,0.1,0.1,True
5.6000000000000005,7,1.0,0.1,0.1,True
5.6000000000000005,8,1.0,0.1,0.1,True
5.6000000000000005,9,1.0,0.1,0.1,True
5.65,1,1.0,0.1,0.1,True
5.65,1,2.0,0.167,0.093,False
5.65,1,3.0,0.946,0.006,True
5.65,2,1.0,0.1,0.1,True
5.65,2,2.0,0.202,0.074,False
5.65,2,3.0,0.362,0.035,False
5.65,3,1.0,0.1,0.1,True
5.65,4,1.0,0.1,0.1,True
5.65,5,1.0,0.1,0.1,True
5.65,6,1.0,0.1,0.1,True
5.65,7,1.0,0.1,0.1,True
5.65,8,1.0,0.1,0.1,True
5.65,9,1.0,0.1,0.1,True
5.7,1,1.0,0.1,0.1,True
5.7,1,2.0,0.161,0.093,False
5.7,1,3.0,0.949,0.006,True
5.7,2,1.0,0.1,0.1,True
5.7,2,2.0,0.188,0.078,False
5.7,2,3.0,0.374,0.032,False
5.7,3,1.0,0.1,0.1,True
5.7,4,1.0,0.1,0.1,True
5.7,5,1.0,0.1,0.1,True
5.7,6,1.0,0.1,0.1,True
5.7,7,1.0,0.1,0.1,True
5.7,8,1.0,0.1,0.1,True
5.7,9,1.0,0.1,0.1,True
5.75,1,1.0,0.1,0.1,True
5.75,1,2.0,0.154,0.094,False
5.75,1,3.0,0.952,0.005,True
5.75,2,1.0,0.1,0.1,True
5.75,2,2.0,0.176,0.081,False
5.75,2,3.0,0.384,0.029,False
5.75,3,1.0,0.1,0.1,True
5.75,4,1.0,0.1,0.1,True
5.75,5,1.0,0.1,0.1,True
5.75,6,1.0,0.1,0.1,True
5.75,7,1.0,0.1,0.1,True
5.75,8,1.0,0.1,0.1,True
5.75,9,1.0,0.1,0.1,True
5.800000000000001,1,1.0,0.1,0.1,True
5.800000000000001,1,2.0,0.148,0.095,False
5.800000000000001,1,3.0,0.955,0.005,True
5.800000000000001,2,1.0,0.1,0.1,True
5.800000000000001,2,2.0,0.166,0.083,False
5.800000000000001,2,3.0,0.393,0.027,False
5.800000000000001,3,1.0,0.1,0.1,True
5.800000000000001,4,1.0,0.1,0.1,True
5.800000000000001,5,1.0,0.1,0.1,True
5.800000000000001,6,1.0,0.1,0.1,True
5.800000000000001,7,1.0,0.1,0.1,True
5.800000000000001,8,1.0,0.1,0.1,True
5.800000000000001,9,1.0,0.1,0.1,True
5.8500000000000005,1,1.0,0.1,0.1,True
5.8500000000000005,1,2.0,0.142,0.095,False
5.8500000000000005,1,3.0,0.958,0.005,True
5.8500000000000005,2,1.0,0.1,0.1,True
5.8500000000000005,2,2.0,0.157,0.086,False
5.8500000000000005,2,3.0,0.401,0.025,False
5.8500000000000005,3,1.0,0.1,0.1,True
5.8500000000000005,4,1.0,0.1,0.1,True
5.8500000000000005,5,1.0,0.1,0.1,True
5.8500000000000005,6,1.0,0.1,0.1,True
5.8500000000000005,7,1.0,0.1,0.1,True
5.8500000000000005,8,1.0,0.1,0.1,True
5.8500000000000005,9,1.0,0.1,0.1,True
5.9,1,1.0,0.1,0.1,True
5.9,1,2.0,0.137,0.096,False
5.9,1,3.0,0.961,0.004,True
5.9,2,1.0,0.1,0.1,True
5.9,2,2.0,0.149,0.088,False
5.9,2,3.0,0.407,0.023,False
5.9,3,1.0,0.1,0.1,True
5.9,4,1.0,0.1,0.1,True
5.9,5,1.0,0.1,0.1,True
5.9,6,1.0,0.1,0.1,True
5.9,7,1.0,0.1,0.1,True
5.9,8,1.0,0.1,0.1,True
5.9,9,1.0,0.1,0.1,True
5.95,1,1.0,0.1,0.1,True
5.95,1,2.0,0.132,0.096,False
5.95,1,3.0,0.963,0.004,True
5.95,2,1.0,0.1,0.1,True
5.95,2,2.0,0.141,0.09,False
5.95,2,3.0,0.414,0.022,False
5.95,3,1.0,0.1,0.1,True
5.95,4,1.0,0.1,0.1,True
5.95,5,1.0,0.1,0.1,True
5.95,6,1.0,0.1,0.1,True
5.95,7,1.0,0.1,0.1,True
5.95,8,1.0,0.1,0.1,True
5.95,9,1.0,0.1,0.1,True
6.0,1,1.0,0.1,0.1,True
6.0,1,2.0,0.127,0.097,False
6.0,1,3.0,0.965,0.004,True
6.0,2,1.0,0.1,0.1,True
6.0,2,2.0,0.134,0.091,False
6.0,2,3.0,0.419,0.02,False
6.0,3,1.0,0.1,0.1,True
6.0,4,1.0,0.1,0.1,True
6.0,5,1.0,0.1,0.1,True
6.0,6,1.0,0.1,0.1,True
6.0,7,1.0,0.1,0.1,True
6.0,8,1.0,0.1,0.1,True
6.0,9,1.0,0.1,0.1,True
6.050000000000001,1,1.0,0.1,0.1,True
6.050000000000001,1,2.0,0.122,0.098,False
6.050000000000001,1,3.0,0.967,0.004,True
6.050000000000001,2,1.0,0.1,0.1,True
6.050000000000001,2,2.0,0.128,0.093,False
6.050000000000001,2,3.0,0.424,0.019,False
6.050000000000001,3,1.0,0.1,0.1,True
6.050000000000001,3,2.0,0.148,0.079,False
6.050000000000001,3,3.0,0.213,0.052,False
6.050000000000001,4,1.0,0.1,0.1,True
6.050000000000001,5,1.0,0.1,0.1,True
6.050000000000001,6,1.0,0.1,0.1,True
6.050000000000001,7,1.0,0.1,0.1,True
6.050000000000001,8,1.0,0.1,0.1,True
6.050000000000001,9,1.0,0.1,0.1,True
6.1000000000000005,1,1.0,0.1,0.1,True
6.1000000000000005,1,2.0,0.118,0.098,False
6.1000000000000005,1,3.0,0.969,0.003,True
6.1000000000000005,2,1.0,0.1,0.1,True
6.1000000000000005,2,2.0,0.122,0.095,False
6.1000000000000005,2,3.0,0.429,0.018,False
6.1000000000000005,3,1.0,0.1,0.1,True
6.1000000000000005,3,2.0,0.134,0.085,False
6.1000000000000005,3,3.0,0.226,0.046,False
6.1000000000000005,4,1.0,0.1,0.1,True
6.1000000000000005,5,1.0,0.1,0.1,True
6.1000000000000005,6,1.0,0.1,0.1,True
6.1000000000000005,7,1.0,0.1,0.1,True
6.1000000000000005,8,1.0,0.1,0.1,True
6.1000000000000005,9,1.0,0.1,0.1,True
6.15,1,1.0,0.1,0.1,True
6.15,1,2.0,0.113,0.099,False
6.15,1,3.0,0.971,0.003,True
6.15,2,1.0,0.1,0.1,True
6.15,2,2.0,0.116,0.096,False
6.15,2,3.0,0.433,0.017,False
6.15,3,1.0,0.1,0.1,True
6.15,3,2.0,0.124,0.09,False
6.15,3,3.0,0.235,0.042,False
6.15,4,1.0,0.1,0.1,True
6.15,5,1.0,0.1,0.1,True
6.15,6,1.0,0.1,0.1,True
6.15,7,1.0,0.1,0.1,True
6.15,8,1.0,0.1,0.1,True
6.15,9,1.0,0.1,0.1,True
6.2,1,1.0,0.1,0.1,True
6.2,1,2.0,0.109,0.099,False
6.2,1,3.0,0.973,0.003,True
6.2,2,1.0,0.1,0.1,True
6.2,2,2.0,0.111,0.097,False
6.2,2,3.0,0.437,0.016,False
6.2,3,1.0,0.1,0.1,True
6.2,3,2.0,0.116,0.093,False
6.2,3,3.0,0.243,0.039,False
6.2,4,1.0,0.1,0.1,True
6.2,5,1.0,0.1,0.1,True
6.2,6,1.0,0.1,0.1,True
6.2,7,2.0,0.116,0.093,False
6.2,7,1.0,0.1,0.1,True
6.2,8,2.0,0.111,0.097,False
6.2,8,1.0,0.1,0.1,True
6.2,9,2.0,0.109,0.099,False
6.2,9,1.0,0.1,0.1,True
6.25,1,1.0,0.1,0.1,True
6.25,1,2.0,0.105,0.099,False
6.25,1,3.0,0.974,0.003,True
6.25,2,1.0,0.1,0.1,True
6.25,2,2.0,0.107,0.098,False
6.25,2,3.0,0.44,0.015,False
6.25,3,1.0,0.1,0.1,True
6.25,3,2.0,0.109,0.096,False
6.25,3,3.0,0.249,0.036,False
6.25,4,1.0,0.1,0.1,True
6.25,4,2.0,0.125,0.084,False
6.25,4,3.0,0.136,0.076,False
6.25,5,1.0,0.1,0.1,True
6.25,6,2.0,0.125,0.084,False
6.25,6,1.0,0.1,0.1,True
6.25,7,2.0,0.109,0.096,False
6.25,7,1.0,0.1,0.1,True
6.25,8,2.0,0.107,0.098,False
6.25,8,1.0,0.1,0.1,True
6.25,9,2.0,0.105,0.099,True
6.25,9,1.0,0.1,0.1,True
6.300000000000001,1,1.0,0.1,0.1,True
6.300000000000001,1,2.0,0.102,0.1,False
6.300000000000001,1,3.0,0.976,0.003,True
6.300000000000001,2,1.0,0.1,0.1,True
6.300000000000001,2,2.0,0.102,0.099,False
6.300000000000001,2,3.0,0.444,0.014,False
6.300000000000001,3,1.0,0.1,0.1,True
6.300000000000001,3,2.0,0.103,0.099,False
6.300000000000001,3,3.0,0.255,0.034,False
6.300000000000001,4,1.0,0.1,0.1,True
6.300000000000001,4,2.0,0.105,0.097,False
6.300000000000001,4,3.0,0.155,0.064,False
6.300000000000001,5,1.0,0.1,0.1,True
6.300000000000001,6,2.0,0.105,0.097,False
6.300000000000001,6,1.0,0.1,0.1,True
6.300000000000001,7,2.0,0.103,0.099,False
6.300000000000001,7,1.0,0.1,0.1,True
6.300000000000001,8,2.0,0.102,0.099,False
6.300000000000001,8,1.0,0.1,0.1,True
6.300000000000001,9,2.0,0.102,0.1,False
6.300000000000001,9,1.0,0.1,0.1,True
6.3500000000000005,1,1.0,0.1,0.098,False
6.3500000000000005,1,2.0,0.1,0.1,False
6.3500000000000005,1,3.0,0.977,0.003,True
6.3500000000000005,2,2.0,0.101,0.098,False
6.3500000000000005,2,1.0,0.1,0.1,False
6.3500000000000005,2,3.0,0.447,0.013,False
6.3500000000000005,3,2.0,0.101,0.097,False
6.3500000000000005,3,1.0,0.1,0.1,False
6.3500000000000005,3,3.0,0.26,0.032,False
6.3500000000000005,4,2.0,0.103,0.096,False
6.3500000000000005,4,1.0,0.1,0.1,False
6.3500000000000005,4,3.0,0.164,0.057,False
6.3500000000000005,5,2.0,0.114,0.086,False
6.3500000000000005,5,1.0,0.1,0.1,False
6.3500000000000005,6,1.0,0.1,0.1,False
6.3500000000000005,6,2.0,0.103,0.096,False
6.3500000000000005,7,1.0,0.1,0.1,False
6.3500000000000005,7,2.0,0.101,0.097,False
6.3500000000000005,8,1.0,0.1,0.1,False
6.3500000000000005,8,2.0,0.101,0.098,False
6.3500000000000005,9,1.0,0.1,0.1,False
6.3500000000000005,9,2.0,0.1,0.098,False
6.4,1,2.0,0.101,0.095,False
6.4,1,1.0,0.1,0.1,False
6.4,1,3.0,0.979,0.002,True
6.4,2,2.0,0.102,0.094,False
6.4,2,1.0,0.1,0.1,False
6.4,2,3.0,0.449,0.013,False
6.4,3,2.0,0.103,0.092,False
6.4,3,1.0,0.1,0.1,False
6.4,3,3.0,0.264,0.03,False
6.4,4,2.0,0.108,0.088,False
6.4,4,1.0,0.1,0.1,False
6.4,4,3.0,0.171,0.053,False
6.4,5,2.0,0.124,0.076,False
6.4,5,1.0,0.1,0.1,False
6.4,6,1.0,0.1,0.1,False
6.4,6,2.0,0.108,0.088,False
6.4,7,1.0,0.1,0.1,False
6.4,7,2.0,0.103,0.092,False
6.4,8,1.0,0.1,0.1,False
6.4,8,2.0,0.102,0.094,False
6.4,9,1.0,0.1,0.1,False
6.4,9,2.0,0.101,0.095,False
6.45,1,2.0,0.101,0.092,False
6.45,1,1.0,0.1,0.1,False
6.45,1,3.0,0.98,0.002,True
6.45,2,2.0,0.102,0.09,False
6.45,2,1.0,0.1,0.1,False
6.45,2,3.0,0.452,0.012,False
6.45,3,2.0,0.105,0.088,False
6.45,3,1.0,0.1,0.1,False
6.45,3,3.0,0.268,0.028,False
6.45,4,2.0,0.112,0.082,False
6.45,4,1.0,0.1,0.1,False
6.45,4,3.0,0.177,0.049,False
6.45,5,2.0,0.13,0.07,False
6.45,5,1.0,0.1,0.1,False
6.45,6,1.0,0.1,0.1,False
6.45,6,2.0,0.112,0.082,False
6.45,7,1.0,0.1,0.1,False
6.45,7,2.0,0.105,0.088,False
6.45,8,1.0,0.1,0.1,False
6.45,8,2.0,0.102,0.09,False
6.45,9,1.0,0.1,0.1,False
6.45,9,2.0,0.101,0.092,False
6.5,1,1.0,0.1,0.1,False
6.5,1,3.0,0.981,0.002,True
6.5,2,1.0,0.1,0.1,False
6.5,2,3.0,0.455,0.011,False
6.5,3,1.0,0.1,0.1,False
6.5,3,3.0,0.272,0.026,False
6.5,4,2.0,0.115,0.077,False
6.5,4,1.0,0.1,0.1,False
6.5,4,3.0,0.182,0.046,False
6.5,5,2.0,0.135,0.065,False
6.5,5,1.0,0.1,0.1,False
6.5,6,1.0,0.1,0.1,False
6.5,6,2.0,0.115,0.077,False
6.5,7,1.0,0.1,0.1,False
6.5,7,2.0,0.107,0.083,False
6.5,8,1.0,0.1,0.1,False
6.5,8,2.0,0.103,0.087,False
6.5,9,1.0,0.1,0.1,False
6.5,9,2.0,0.101,0.088,False
6.550000000000001,1,1.0,0.1,0.1,False
6.550000000000001,1,3.0,0.982,0.002,True
6.550000000000001,2,1.0,0.1,0.1,False
6.550000000000001,2,3.0,0.457,0.011,False
6.550000000000001,3,1.0,0.1,0.1,False
6.550000000000001,3,3.0,0.275,0.025,False
6.550000000000001,4,1.0,0.1,0.1,False
6.550000000000001,4,3.0,0.186,0.043,False
6.550000000000001,5,2.0,0.139,0.061,False
6.550000000000001,5,1.0,0.1,0.1,False
6.550000000000001,6,1.0,0.1,0.1,False
6.550000000000001,6,2.0,0.118,0.073,False
6.550000000000001,7,1.0,0.1,0.1,False
6.550000000000001,7,2.0,0.109,0.08,False
6.550000000000001,8,1.0,0.1,0.1,False
6.550000000000001,8,2.0,0.104,0.083,False
6.550000000000001,9,1.0,0.1,0.1,False
6.550000000000001,9,2.0,0.102,0.085,False
6.6000000000000005,1,1.0,0.1,0.1,False
6.6000000000000005,1,3.0,0.983,0.002,True
6.6000000000000005,2,1.0,0.1,0.1,False
6.6000000000000005,2,3.0,0.459,0.01,False
6.6000000000000005,3,1.0,0.1,0.1,False
6.6000000000000005,3,3.0,0.278,0.024,False
6.6000000000000005,4,1.0,0.1,0.1,False
6.6000000000000005,4,3.0,0.19,0.04,False
6.6000000000000005,5,2.0,0.143,0.057,False
6.6000000000000005,5,1.0,0.1,0.1,False
6.6000000000000005,6,1.0,0.1,0.1,False
6.6000000000000005,6,2.0,0.121,0.069,False
6.6000000000000005,7,1.0,0.1,0.1,False
6.6000000000000005,7,2.0,0.11,0.076,False
6.6000000000000005,8,1.0,0.1,0.1,False
6.6000000000000005,8,2.0,0.105,0.08,False
6.6000000000000005,9,1.0,0.1,0.1,False
6.6000000000000005,9,2.0,0.102,0.083,False
6.65,1,1.0,0.1,0.1,False
6.65,1,3.0,0.984,0.002,True
6.65,2,1.0,0.1,0.1,False
6.65,2,3.0,0.461,0.01,False
6.65,3,1.0,0.1,0.1,False
6.65,3,3.0,0.281,0.022,False
6.65,4,1.0,0.1,0.1,False
6.65,4,3.0,0.193,0.038,False
6.65,5,2.0,0.146,0.054,False
6.65,5,1.0,0.1,0.1,False
6.65,6,1.0,0.1,0.1,False
6.65,6,2.0,0.123,0.065,False
6.65,7,1.0,0.1,0.1,False
6.65,7,2.0,0.112,0.073,False
6.65,8,1.0,0.1,0.1,False
6.65,8,2.0,0.106,0.077,False
6.65,9,1.0,0.1,0.1,False
6.65,9,2.0,0.102,0.08,False
6.7,1,1.0,0.1,0.1,False
6.7,1,3.0,0.985,0.002,True
6.7,2,1.0,0.1,0.1,False
6.7,2,3.0,0.463,0.009,False
6.7,3,1.0,0.1,0.1,False
6.7,3,3.0,0.284,0.021,False
6.7,4,1.0,0.1,0.1,False
6.7,4,3.0,0.196,0.036,False
6.7,5,2.0,0.149,0.051,False
6.7,5,1.0,0.1,0.1,False
6.7,6,1.0,0.1,0.1,False
6.7,6,2.0,0.125,0.062,False
6.7,7,1.0,0.1,0.1,False
6.7,7,2.0,0.113,0.07,False
6.7,8,1.0,0.1,0.1,False
6.7,8,2.0,0.106,0.074,False
6.7,9,1.0,0.1,0.1,False
6.7,9,2.0,0.103,0.077,False
6.75,1,1.0,0.1,0.1,False
6.75,1,3.0,0.986,0.002,True
6.75,2,1.0,0.1,0.1,False
6.75,2,3.0,0.465,0.009,False
6.75,3,1.0,0.1,0.1,False
6.75,3,3.0,0.286,0.02,False
6.75,4,1.0,0.1,0.1,False
6.75,4,3.0,0.199,0.034,False
6.75,5,2.0,0.152,0.048,False
6.75,5,1.0,0.1,0.1,False
6.75,6,1.0,0.1,0.1,False
6.75,6,2.0,0.127,0.059,False
6.75,7,1.0,0.1,0.1,False
6.75,7,2.0,0.114,0.067,False
6.75,8,1.0,0.1,0.1,False
6.75,8,2.0,0.107,0.071,False
6.75,9,1.0,0.1,0.1,False
6.75,9,2.0,0.103,0.075,False
6.800000000000001,1,1.0,0.1,0.1,False
6.800000000000001,1,3.0,0.987,0.001,True
6.800000000000001,2,1.0,0.1,0.1,False
6.800000000000001,2,3.0,0.467,0.008,False
6.800000000000001,3,1.0,0.1,0.1,False
6.800000000000001,3,3.0,0.289,0.019,False
6.800000000000001,4,1.0,0.1,0.1,False
6.800000000000001,4,3.0,0.202,0.032,False
6.800000000000001,5,2.0,0.154,0.046,False
6.800000000000001,5,1.0,0.1,0.1,False
6.800000000000001,6,1.0,0.1,0.1,False
6.800000000000001,6,2.0,0.129,0.056,False
6.800000000000001,7,1.0,0.1,0.1,False
6.800000000000001,7,2.0,0.115,0.064,False
6.800000000000001,8,1.0,0.1,0.1,False
6.800000000000001,8,2.0,0.108,0.069,False
6.800000000000001,9,1.0,0.1,0.1,False
6.800000000000001,9,2.0,0.103,0.072,False
6.8500000000000005,1,1.0,0.1,0.1,False
6.8500000000000005,1,3.0,0.987,0.001,True
6.8500000000000005,2,1.0,0.1,0.1,False
6.8500000000000005,2,3.0,0.468,0.008,False
6.8500000000000005,3,1.0,0.1,0.1,False
6.8500000000000005,3,3.0,0.291,0.018,False
6.8500000000000005,4,1.0,0.1,0.1,False
6.8500000000000005,4,3.0,0.204,0.031,False
6.8500000000000005,5,2.0,0.157,0.043,False
6.8500000000000005,5,1.0,0.1,0.1,False
6.8500000000000005,6,1.0,0.1,0.1,False
6.8500000000000005,6,2.0,0.131,0.054,False
6.8500000000000005,7,1.0,0.1,0.1,False
6.8500000000000005,7,2.0,0.117,0.061,False
6.8500000000000005,8,1.0,0.1,0.1,False
6.8500000000000005,8,2.0,0.108,0.066,False
6.8500000000000005,9,1.0,0.1,0.1,False
6.8500000000000005,9,2.0,0.103,0.07,False
6.9,1,1.0,0.1,0.1,False
6.9,1,3.0,0.988,0.001,True
6.9,2,1.0,0.1,0.1,False
6.9,2,3.0,0.47,0.008,False
6.9,3,1.0,0.1,0.1,False
6.9,3,3.0,0.293,0.017,False
6.9,4,1.0,0.1,0.1,False
6.9,4,3.0,0.206,0.029,False
6.9,5,2.0,0.159,0.041,False
6.9,5,1.0,0.1,0.1,False
6.9,6,1.0,0.1,0.1,False
6.9,6,2.0,0.132,0.051,False
6.9,7,1.0,0.1,0.1,False
6.9,7,2.0,0.118,0.059,False
6.9,8,1.0,0.1,0.1,False
6.9,8,2.0,0.109,0.064,False
6.9,9,1.0,0.1,0.1,False
6.9,9,2.0,0.104,0.068,False
6.95,1,1.0,0.1,0.1,False
6.95,1,3.0,0.989,0.001,True
6.95,2,1.0,0.1,0.1,False
6.95,2,3.0,0.471,0.007,False
6.95,3,1.0,0.1,0.1,False
6.95,3,3.0,0.295,0.017,False
6.95,4,1.0,0.1,0.1,False
6.95,4,3.0,0.208,0.028,False
6.95,5,2.0,0.161,0.039,False
6.95,5,1.0,0.1,0.1,False
6.95,6,1.0,0.1,0.1,False
6.95,6,2.0,0.134,0.049,False
6.95,7,1.0,0.1,0.1,False
6.95,7,2.0,0.119,0.056,False
6.95,8,1.0,0.1,0.1,False
6.95,8,2.0,0.11,0.062,False
6.95,9,1.0,0.1,0.1,False
6.95,9,2.0,0.104,0.065,False
7.0,1,1.0,0.1,0.1,False
7.0,1,3.0,0.989,0.001,True
7.0,2,1.0,0.1,0.1,False
7.0,2,3.0,0.473,0.007,False
7.0,3,1.0,0.1,0.1,False
7.0,3,3.0,0.296,0.016,False
7.0,4,1.0,0.1,0.1,False
7.0,4,3.0,0.21,0.027,False
7.0,5,2.0,0.162,0.038,False
7.0,5,1.0,0.1,0.1,False
7.0,6,1.0,0.1,0.1,False
7.0,6,2.0,0.135,0.047,False
7.0,7,1.0,0.1,0.1,False
7.0,7,2.0,0.12,0.054,False
7.0,8,1.0,0.1,0.1,False
7.0,8,2.0,0.11,0.06,False
7.0,9,1.0,0.1,0.1,False
7.0,9,2.0,0.104,0.063,False
7.050000000000001,1,1.0,0.1,0.1,False
7.050000000000001,1,3.0,0.99,0.001,True
7.050000000000001,2,1.0,0.1,0.1,False
7.050000000000001,2,3.0,0.474,0.007,False
7.050000000000001,3,1.0,0.1,0.1,False
7.050000000000001,3,3.0,0.298,0.015,False
7.050000000000001,4,1.0,0.1,0.1,False
7.050000000000001,4,3.0,0.212,0.025,False
7.050000000000001,5,2.0,0.164,0.036,False
7.050000000000001,5,1.0,0.1,0.1,False
7.050000000000001,6,1.0,0.1,0.1,False
7.050000000000001,6,2.0,0.137,0.045,False
7.050000000000001,7,1.0,0.1,0.1,False
7.050000000000001,7,2.0,0.12,0.052,False
7.050000000000001,8,1.0,0.1,0.1,False
7.050000000000001,8,2.0,0.111,0.058,False
7.050000000000001,9,1.0,0.1,0.1,False
7.050000000000001,9,2.0,0.104,0.061,False
7.1000000000000005,1,1.0,0.1,0.1,False
7.1000000000000005,1,3.0,0.99,0.001,True
7.1000000000000005,2,1.0,0.1,0.1,False
7.1000000000000005,2,3.0,0.475,0.006,False
7.1000000000000005,3,1.0,0.1,0.1,False
7.1000000000000005,3,3.0,0.3,0.014,False
7.1000000000000005,4,1.0,0.1,0.1,False
7.1000000000000005,4,3.0,0.214,0.024,False
7.1000000000000005,5,2.0,0.166,0.034,False
7.1000000000000005,5,1.0,0.1,0.1,False
7.1000000000000005,6,1.0,0.1,0.1,False
7.1000000000000005,6,2.0,0.138,0.043,False
7.1000000000000005,7,1.0,0.1,0.1,False
7.1000000000000005,7,2.0,0.121,0.05,False
7.1000000000000005,8,1.0,0.1,0.1,False
7.1000000000000005,8,2.0,0.111,0.056,False
7.1000000000000005,9,1.0,0.1,0.1,False
7.1000000000000005,9,2.0,0.105,0.059,False
7.15,1,1.0,0.1,0.1,False
7.15,1,3.0,0.991,0.001,True
7.15,2,1.0,0.1,0.1,False
7.15,2,3.0,0.476,0.006,False
7.15,3,1.0,0.1,0.1,False
7.15,3,3.0,0.301,0.014,False
7.15,4,1.0,0.1,0.1,False
7.15,4,3.0,0.215,0.023,False
7.15,5,2.0,0.167,0.033,False
7.15,5,1.0,0.1,0.1,False
7.15,6,1.0,0.1,0.1,False
7.15,6,2.0,0.139,0.041,False
7.15,7,1.0,0.1,0.1,False
7.15,7,2.0,0.122,0.048,False
7.15,8,1.0,0.1,0.1,False
7.15,8,2.0,0.112,0.054,False
7.15,9,1.0,0.1,0.1,False
7.15,9,2.0,0.105,0.058,False
7.2,1,1.0,0.1,0.1,False
7.2,1,3.0,0.991,0.001,True
7.2,2,1.0,0.1,0.1,False
7.2,2,3.0,0.477,0.006,False
7.2,3,1.0,0.1,0.1,False
7.2,3,3.0,0.303,0.013,False
7.2,4,1.0,0.1,0.1,False
7.2,4,3.0,0.217,0.022,False
7.2,5,2.0,0.169,0.031,False
7.2,5,1.0,0.1,0.1,False
7.2,6,1.0,0.1,0.1,False
7.2,6,2.0,0.14,0.04,False
7.2,7,1.0,0.1,0.1,False
7.2,7,2.0,0.123,0.047,False
7.2,8,1.0,0.1,0.1,False
7.2,8,2.0,0.112,0.052,False
7.2,9,1.0,0.1,0.1,False
7.2,9,2.0,0.105,0.056,False
7.25,1,1.0,0.1,0.1,False
7.25,1,3.0,0.992,0.001,True
7.25,2,1.0,0.1,0.1,False
7.25,2,3.0,0.478,0.005,False
7.25,3,1.0,0.1,0.1,False
7.25,3,3.0,0.304,0.013,False
7.25,4,1.0,0.1,0.1,False
7.25,4,3.0,0.218,0.021,False
7.25,5,2.0,0.17,0.03,False
7.25,5,1.0,0.1,0.1,False
7.25,6,1.0,0.1,0.1,False
7.25,6,2.0,0.141,0.038,False
7.25,7,1.0,0.1,0.1,False
7.25,7,2.0,0.124,0.045,False
7.25,8,1.0,0.1,0.1,False
7.25,8,2.0,0.112,0.05,False
7.25,9,1.0,0.1,0.1,False
7.25,9,2.0,0.105,0.054,False
7.300000000000001,1,1.0,0.1,0.1,False
7.300000000000001,1,3.0,0.992,0.001,True
7.300000000000001,2,1.0,0.1,0.1,False
7.300000000000001,2,3.0,0.479,0.005,False
7.300000000000001,3,1.0,0.1,0.1,False
7.300000000000001,3,3.0,0.305,0.012,False
7.300000000000001,4,1.0,0.1,0.1,False
7.300000000000001,4,3.0,0.22,0.02,False
7.300000000000001,5,2.0,0.171,0.029,False
7.300000000000001,5,1.0,0.1,0.1,False
7.300000000000001,6,1.0,0.1,0.1,False
7.300000000000001,6,2.0,0.142,0.037,False
7.300000000000001,7,1.0,0.1,0.1,False
7.300000000000001,7,2.0,0.124,0.043,False
7.300000000000001,8,1.0,0.1,0.1,False
7.300000000000001,8,2.0,0.113,0.048,False
7.300000000000001,9,1.0,0.1,0.1,False
7.300000000000001,9,2.0,0.105,0.052,False
7.3500000000000005,1,1.0,0.1,0.1,False
7.3500000000000005,1,3.0,0.993,0.001,True
7.3500000000000005,2,1.0,0.1,0.1,False
7.3500000000000005,2,3.0,0.48,0.005,False
7.3500000000000005,3,1.0,0.1,0.1,False
7.3500000000000005,3,3.0,0.306,0.012,False
7.3500000000000005,4,1.0,0.1,0.1,False
7.3500000000000005,4,3.0,0.221,0.019,False
7.3500000000000005,5,2.0,0.172,0.028,False
7.3500000000000005,5,1.0,0.1,0.1,False
7.3500000000000005,6,1.0,0.1,0.1,False
7.3500000000000005,6,2.0,0.143,0.035,False
7.3500000000000005,7,1.0,0.1,0.1,False
7.3500000000000005,7,2.0,0.125,0.042,False
7.3500000000000005,8,1.0,0.1,0.1,False
7.3500000000000005,8,2.0,0.113,0.047,False
7.3500000000000005,9,1.0,0.1,0.1,False
7.3500000000000005,9,2.0,0.105,0.051,False
7.4,1,1.0,0.1,0.1,False
7.4,1,3.0,0.993,0.001,True
7.4,2,1.0,0.1,0.1,False
7.4,2,3.0,0.481,0.005,False
7.4,3,1.0,0.1,0.1,False
7.4,3,3.0,0.308,0.011,False
7.4,4,1.0,0.1,0.1,False
7.4,4,3.0,0.222,0.019,False
7.4,5,2.0,0.173,0.027,False
7.4,5,1.0,0.1,0.1,False
7.4,6,1.0,0.1,0.1,False
7.4,6,2.0,0.144,0.034,False
7.4,7,1.0,0.1,0.1,False
7.4,7,2.0,0.126,0.04,False
7.4,8,1.0,0.1,0.1,False
7.4,8,2.0,0.114,0.045,False
7.4,9,1.0,0.1,0.1,False
7.4,9,2.0,0.106,0.049,False
7.45,1,1.0,0.1,0.1,False
7.45,1,3.0,0.993,0.001,True
7.45,2,1.0,0.1,0.1,False
7.45,2,3.0,0.482,0.005,False
7.45,3,1.0,0.1,0.1,False
7.45,3,3.0,0.309,0.011,False
7.45,4,1.0,0.1,0.1,False
7.45,4,3.0,0.223,0.018,False
7.45,5,2.0,0.174,0.026,False
7.45,5,1.0,0.1,0.1,False
7.45,6,1.0,0.1,0.1,False
7.45,6,2.0,0.145,0.033,False
7.45,7,1.0,0.1,0.1,False
7.45,7,2.0,0.126,0.039,False
7.45,8,1.0,0.1,0.1,False
7.45,8,2.0,0.114,0.044,False
7.45,9,1.0,0.1,0.1,False
7.45,9,2.0,0.106,0.048,False
7.5,1,1.0,0.1,0.1,False
7.5,1,3.0,0.994,0.001,True
7.5,2,1.0,0.1,0.1,False
7.5,2,3.0,0.483,0.004,False
7.5,3,1.0,0.1,0.1,False
7.5,3,3.0,0.31,0.01,False
7.5,4,1.0,0.1,0.1,False
7.5,4,3.0,0.224,0.017,False
7.5,5,2.0,0.175,0.025,False
7.5,5,1.0,0.1,0.1,False
7.5,6,1.0,0.1,0.1,False
7.5,6,2.0,0.146,0.031,False
7.5,7,1.0,0.1,0.1,False
7.5,7,2.0,0.127,0.038,False
7.5,8,1.0,0.1,0.1,False
7.5,8,2.0,0.114,0.042,False
7.5,9,1.0,0.1,0.1,False
7.5,9,2.0,0.106,0.046,False
7.550000000000001,1,1.0,0.1,0.1,False
7.550000000000001,1,3.0,0.994,0.001,True
7.550000000000001,2,1.0,0.1,0.1,False
7.550000000000001,2,3.0,0.484,0.004,False
7.550000000000001,3,1.0,0.1,0.1,False
7.550000000000001,3,3.0,0.311,0.01,False
7.550000000000001,4,1.0,0.1,0.1,False
7.550000000000001,4,3.0,0.225,0.017,False
7.550000000000001,5,2.0,0.176,0.024,False
7.550000000000001,5,1.0,0.1,0.1,False
7.550000000000001,6,1.0,0.1,0.1,False
7.550000000000001,6,2.0,0.146,0.03,False
7.550000000000001,7,1.0,0.1,0.1,False
7.550000000000001,7,2.0,0.127,0.036,False
7.550000000000001,8,1.0,0.1,0.1,False
7.550000000000001,8,2.0,0.115,0.041,False
7.550000000000001,9,1.0,0.1,0.1,False
7.550000000000001,9,2.0,0.106,0.045,False
7.6000000000000005,1,1.0,0.1,0.1,False
7.6000000000000005,1,3.0,0.994,0.001,True
7.6000000000000005,2,1.0,0.1,0.1,False
7.6000000000000005,2,3.0,0.484,0.004,False
7.6000000000000005,3,1.0,0.1,0.1,False
7.6000000000000005,3,3.0,0.312,0.009,False
7.6000000000000005,4,1.0,0.1,0.1,False
7.6000000000000005,4,3.0,0.226,0.016,False
7.6000000000000005,5,2.0,0.177,0.023,False
7.6000000000000005,5,1.0,0.1,0.1,False
7.6000000000000005,6,1.0,0.1,0.1,False
7.6000000000000005,6,2.0,0.147,0.029,False
7.6000000000000005,7,1.0,0.1,0.1,False
7.6000000000000005,7,2.0,0.128,0.035,False
7.6000000000000005,8,1.0,0.1,0.1,False
7.6000000000000005,8,2.0,0.115,0.04,False
7.6000000000000005,9,1.0,0.1,0.1,False
7.6000000000000005,9,2.0,0.106,0.044,False
7.65,1,1.0,0.1,0.1,False
7.65,1,3.0,0.995,0.001,True
7.65,2,1.0,0.1,0.1,False
7.65,2,3.0,0.485,0.004,False
7.65,3,1.0,0.1,0.1,False
7.65,3,3.0,0.312,0.009,False
7.65,4,1.0,0.1,0.1,False
7.65,4,3.0,0.227,0.015,False
7.65,5,2.0,0.178,0.022,False
7.65,5,1.0,0.1,0.1,False
7.65,6,1.0,0.1,0.1,False
7.65,6,2.0,0.148,0.028,False
7.65,7,1.0,0.1,0.1,False
7.65,7,2.0,0.128,0.034,False
7.65,8,1.0,0.1,0.1,False
7.65,8,2.0,0.115,0.039,False
7.65,9,1.0,0.1,0.1,False
7.65,9,2.0,0.106,0.042,False
7.7,1,1.0,0.1,0.1,False
7.7,1,3.0,0.995,0.001,True
7.7,2,1.0,0.1,0.1,False
7.7,2,3.0,0.486,0.004,False
7.7,3,1.0,0.1,0.1,False
7.7,3,3.0,0.313,0.009,False
7.7,4,1.0,0.1,0.1,False
7.7,4,3.0,0.228,0.015,False
7.7,5,2.0,0.179,0.021,False
7.7,5,1.0,0.1,0.1,False
7.7,6,1.0,0.1,0.1,False
7.7,6,2.0,0.149,0.027,False
7.7,7,1.0,0.1,0.1,False
7.7,7,2.0,0.129,0.033,False
7.7,8,1.0,0.1,0.1,False
7.7,8,2.0,0.116,0.037,False
7.7,9,1.0,0.1,0.1,False
7.7,9,2.0,0.107,0.041,False
7.75,1,1.0,0.1,0.1,False
7.75,1,3.0,0.995,0.001,True
7.75,2,1.0,0.1,0.1,False
7.75,2,3.0,0.486,0.003,False
7.75,3,1.0,0.1,0.1,False
7.75,3,3.0,0.314,0.008,False
7.75,4,1.0,0.1,0.1,False
7.75,4,3.0,0.229,0.014,False
7.75,5,2.0,0.18,0.02,False
7.75,5,1.0,0.1,0.1,False
7.75,6,1.0,0.1,0.1,False
7.75,6,2.0,0.149,0.026,False
7.75,7,1.0,0.1,0.1,False
7.75,7,2.0,0.129,0.032,False
7.75,8,1.0,0.1,0.1,False
7.75,8,2.0,0.116,0.036,False
7.75,9,1.0,0.1,0.1,False
7.75,9,2.0,0.107,0.04,False
7.800000000000001,1,1.0,0.1,0.1,False
7.800000000000001,1,3.0,0.996,0.0,True
7.800000000000001,2,1.0,0.1,0.1,False
7.800000000000001,2,3.0,0.487,0.003,False
7.800000000000001,3,1.0,0.1,0.1,False
7.800000000000001,3,3.0,0.315,0.008,False
7.800000000000001,4,1.0,0.1,0.1,False
7.800000000000001,4,3.0,0.23,0.014,False
7.800000000000001,5,2.0,0.18,0.02,False
7.800000000000001,5,1.0,0.1,0.1,False
7.800000000000001,6,1.0,0.1,0.1,False
7.800000000000001,6,2.0,0.15,0.025,False
7.800000000000001,7,1.0,0.1,0.1,False
7.800000000000001,7,2.0,0.13,0.031,False
7.800000000000001,8,1.0,0.1,0.1,False
7.800000000000001,8,2.0,0.116,0.035,False
7.800000000000001,9,1.0,0.1,0.1,False
7.800000000000001,9,2.0,0.107,0.039,False
7.8500000000000005,1,1.0,0.1,0.1,False
7.8500000000000005,1,3.0,0.996,0.0,True
7.8500000000000005,2,1.0,0.1,0.1,False
7.8500000000000005,2,3.0,0.487,0.003,False
7.8500000000000005,3,1.0,0.1,0.1,False
7.8500000000000005,3,3.0,0.316,0.008,False
7.8500000000000005,4,1.0,0.1,0.1,False
7.8500000000000005,4,3.0,0.23,0.013,False
7.8500000000000005,5,2.0,0.181,0.019,False
7.8500000000000005,5,1.0,0.1,0.1,False
7.8500000000000005,6,1.0,0.1,0.1,False
7.8500000000000005,6,2.0,0.15,0.024,False
7.8500000000000005,7,1.0,0.1,0.1,False
7.8500000000000005,7,2.0,0.13,0.03,False
7.8500000000000005,8,1.0,0.1,0.1,False
7.8500000000000005,8,2.0,0.117,0.034,False
7.8500000000000005,9,1.0,0.1,0.1,False
7.8500000000000005,9,2.0,0.107,0.038,False
7.9,1,1.0,0.1,0.1,False
7.9,1,3.0,0.996,0.0,True
7.9,2,1.0,0.1,0.1,False
7.9,2,3.0,0.488,0.003,False
7.9,3,1.0,0.1,0.1,False
7.9,3,3.0,0.316,0.007,False
7.9,4,1.0,0.1,0.1,False
7.9,4,3.0,0.231,0.013,False
7.9,5,2.0,0.182,0.018,False
7.9,5,1.0,0.1,0.1,False
7.9,6,1.0,0.1,0.1,False
7.9,6,2.0,0.151,0.024,False
7.9,7,1.0,0.1,0.1,False
7.9,7,2.0,0.131,0.029,False
7.9,8,1.0,0.1,0.1,False
7.9,8,2.0,0.117,0.033,False
7.9,9,1.0,0.1,0.1,False
7.9,9,2.0,0.107,0.037,False
7.95,1,1.0,0.1,0.1,False
7.95,1,3.0,0.996,0.0,True
7.95,2,1.0,0.1,0.1,False
7.95,2,3.0,0.488,0.003,False
7.95,3,1.0,0.1,0.1,False
7.95,3,3.0,0.317,0.007,False
7.95,4,1.0,0.1,0.1,False
7.95,4,3.0,0.232,0.012,False
7.95,5,2.0,0.183,0.017,False
7.95,5,1.0,0.1,0.1,False
7.95,6,1.0,0.1,0.1,False
7.95,6,2.0,0.151,0.023,False
7.95,7,1.0,0.1,0.1,False
7.95,7,2.0,0.131,0.028,False
7.95,8,1.0,0.1,0.1,False
7.95,8,2.0,0.117,0.032,False
7.95,9,1.0,0.1,0.1,False
7.95,9,2.0,0.107,0.036,False
8.0,1,1.0,0.1,0.1,False
8.0,1,3.0,0.996,0.0,True
8.0,2,1.0,0.1,0.1,False
8.0,2,3.0,0.489,0.003,False
8.0,3,1.0,0.1,0.1,False
8.0,3,3.0,0.318,0.007,False
8.0,4,1.0,0.1,0.1,False
8.0,4,3.0,0.233,0.012,False
8.0,5,2.0,0.183,0.017,False
8.0,5,1.0,0.1,0.1,False
8.0,6,1.0,0.1,0.1,False
8.0,6,2.0,0.152,0.022,False
8.0,7,1.0,0.1,0.1,False
8.0,7,2.0,0.131,0.027,False
8.0,8,1.0,0.1,0.1,False
8.0,8,2.0,0.117,0.031,False
8.0,9,1.0,0.1,0.1,False
8.0,9,2.0,0.107,0.035,False
8.05,1,1.0,0.1,0.1,False
8.05,1,3.0,0.997,0.0,True
8.05,2,1.0,0.1,0.1,False
8.05,2,3.0,0.489,0.003,False
8.05,3,1.0,0.1,0.1,False
8.05,3,3.0,0.318,0.006,False
8.05,4,1.0,0.1,0.1,False
8.05,4,3.0,0.233,0.011,False
8.05,5,2.0,0.184,0.016,False
8.05,5,1.0,0.1,0.1,False
8.05,6,1.0,0.1,0.1,False
8.05,6,2.0,0.152,0.021,False
8.05,7,1.0,0.1,0.1,False
8.05,7,2.0,0.132,0.026,False
8.05,8,1.0,0.1,0.1,False
8.05,8,2.0,0.117,0.03,False
8.05,9,1.0,0.1,0.1,False
8.05,9,2.0,0.107,0.034,False
8.1,1,1.0,0.1,0.1,False
8.1,1,3.0,0.997,0.0,True
8.1,2,1.0,0.1,0.1,False
8.1,2,3.0,0.49,0.003,False
8.1,3,1.0,0.1,0.1,False
8.1,3,3.0,0.319,0.006,False
8.1,4,1.0,0.1,0.1,False
8.1,4,3.0,0.234,0.011,False
8.1,5,2.0,0.184,0.016,False
8.1,5,1.0,0.1,0.1,False
8.1,6,1.0,0.1,0.1,False
8.1,6,2.0,0.153,0.021,False
8.1,7,1.0,0.1,0.1,False
8.1,7,2.0,0.132,0.025,False
8.1,8,1.0,0.1,0.1,False
8.1,8,2.0,0.118,0.029,False
8.1,9,1.0,0.1,0.1,False
8.1,9,2.0,0.107,0.033,False
8.15,1,1.0,0.1,0.1,False
8.15,1,3.0,0.997,0.0,True
8.15,2,1.0,0.1,0.1,False
8.15,2,3.0,0.49,0.002,False
8.15,3,1.0,0.1,0.1,False
8.15,3,3.0,0.319,0.006,False
8.15,4,1.0,0.1,0.1,False
8.15,4,3.0,0.234,0.01,False
8.15,5,2.0,0.185,0.015,False
8.15,5,1.0,0.1,0.1,False
8.15,6,1.0,0.1,0.1,False
8.15,6,2.0,0.153,0.02,False
8.15,7,1.0,0.1,0.1,False
8.15,7,2.0,0.132,0.024,False
8.15,8,1.0,0.1,0.1,False
8.15,8,2.0,0.118,0.028,False
8.15,9,1.0,0.1,0.1,False
8.15,9,2.0,0.108,0.032,False
8.200000000000001,1,1.0,0.1,0.1,False
8.200000000000001,1,3.0,0.997,0.0,True
8.200000000000001,2,1.0,0.1,0.1,False
8.200000000000001,2,3.0,0.491,0.002,False
8.200000000000001,3,1.0,0.1,0.1,False
8.200000000000001,3,3.0,0.32,0.006,False
8.200000000000001,4,1.0,0.1,0.1,False
8.200000000000001,4,3.0,0.235,0.01,False
8.200000000000001,5,2.0,0.185,0.015,False
8.200000000000001,5,1.0,0.1,0.1,False
8.200000000000001,6,1.0,0.1,0.1,False
8.200000000000001,6,2.0,0.154,0.019,False
8.200000000000001,7,1.0,0.1,0.1,False
8.200000000000001,7,2.0,0.133,0.024,False
8.200000000000001,8,1.0,0.1,0.1,False
8.200000000000001,8,2.0,0.118,0.027,False
8.200000000000001,9,1.0,0.1,0.1,False
8.200000000000001,9,2.0,0.108,0.031,False
8.25,1,1.0,0.1,0.1,False
8.25,1,3.0,0.997,0.0,True
8.25,2,1.0,0.1,0.1,False
8.25,2,3.0,0.491,0.002,False
8.25,3,1.0,0.1,0.1,False
8.25,3,3.0,0.32,0.006,False
8.25,4,1.0,0.1,0.1,False
8.25,4,3.0,0.235,0.01,False
8.25,5,2.0,0.186,0.014,False
8.25,5,1.0,0.1,0.1,False
8.25,6,1.0,0.1,0.1,False
8.25,6,2.0,0.154,0.019,False
8.25,7,1.0,0.1,0.1,False
8.25,7,2.0,0.133,0.023,False
8.25,8,1.0,0.1,0.1,False
8.25,8,2.0,0.118,0.027,False
8.25,9,1.0,0.1,0.1,False
8.25,9,2.0,0.108,0.03,False
8.3,1,1.0,0.1,0.1,False
8.3,1,3.0,0.997,0.0,True
8.3,2,1.0,0.1,0.1,False
8.3,2,3.0,0.491,0.002,False
8.3,3,1.0,0.1,0.1,False
8.3,3,3.0,0.321,0.005,False
8.3,4,1.0,0.1,0.1,False
8.3,4,3.0,0.236,0.009,False
8.3,5,2.0,0.186,0.014,False
8.3,5,1.0,0.1,0.1,False
8.3,6,1.0,0.1,0.1,False
8.3,6,2.0,0.155,0.018,False
8.3,7,1.0,0.1,0.1,False
8.3,7,2.0,0.133,0.022,False
8.3,8,1.0,0.1,0.1,False
8.3,8,2.0,0.119,0.026,False
8.3,9,1.0,0.1,0.1,False
8.3,9,2.0,0.108,0.029,False
8.35,1,1.0,0.1,0.1,False
8.35,1,3.0,0.998,0.0,True
8.35,2,1.0,0.1,0.1,False
8.35,2,3.0,0.492,0.002,False
8.35,3,1.0,0.1,0.1,False
8.35,3,3.0,0.321,0.005,False
8.35,4,1.0,0.1,0.1,False
8.35,4,3.0,0.236,0.009,False
8.35,5,2.0,0.187,0.013,False
8.35,5,1.0,0.1,0.1,False
8.35,6,1.0,0.1,0.1,False
8.35,6,2.0,0.155,0.017,False
8.35,7,1.0,0.1,0.1,False
8.35,7,2.0,0.134,0.021,False
8.35,8,1.0,0.1,0.1,False
8.35,8,2.0,0.119,0.025,False
8.35,9,1.0,0.1,0.1,False
8.35,9,2.0,0.108,0.028,False
8.4,1,1.0,0.1,0.1,False
8.4,1,3.0,0.998,0.0,True
8.4,2,1.0,0.1,0.1,False
8.4,2,3.0,0.492,0.002,False
8.4,3,1.0,0.1,0.1,False
8.4,3,3.0,0.322,0.005,False
8.4,4,1.0,0.1,0.1,False
8.4,4,3.0,0.237,0.009,False
8.4,5,2.0,0.187,0.013,False
8.4,5,1.0,0.1,0.1,False
8.4,6,1.0,0.1,0.1,False
8.4,6,2.0,0.155,0.017,False
8.4,7,1.0,0.1,0.1,False
8.4,7,2.0,0.134,0.021,False
8.4,8,1.0,0.1,0.1,False
8.4,8,2.0,0.119,0.024,False
8.4,9,1.0,0.1,0.1,False
8.4,9,2.0,0.108,0.028,False
8.450000000000001,1,1.0,0.1,0.1,False
8.450000000000001,1,3.0,0.998,0.0,True
8.450000000000001,2,1.0,0.1,0.1,False
8.450000000000001,2,3.0,0.492,0.002,False
8.450000000000001,3,1.0,0.1,0.1,False
8.450000000000001,3,3.0,0.322,0.005,False
8.450000000000001,4,1.0,0.1,0.1,False
8.450000000000001,4,3.0,0.237,0.008,False
8.450000000000001,5,2.0,0.188,0.012,False
8.450000000000001,5,1.0,0.1,0.1,False
8.450000000000001,6,1.0,0.1,0.1,False
8.450000000000001,6,2.0,0.156,0.016,False
8.450000000000001,7,1.0,0.1,0.1,False
8.450000000000001,7,2.0,0.134,0.02,False
8.450000000000001,8,1.0,0.1,0.1,False
8.450000000000001,8,2.0,0.119,0.024,False
8.450000000000001,9,1.0,0.1,0.1,False
8.450000000000001,9,2.0,0.108,0.027,False
8.5,1,1.0,0.1,0.1,False
8.5,1,3.0,0.998,0.0,True
8.5,2,1.0,0.1,0.1,False
8.5,2,3.0,0.493,0.002,False
8.5,3,1.0,0.1,0.1,False
8.5,3,3.0,0.323,0.005,False
8.5,4,1.0,0.1,0.1,False
8.5,4,3.0,0.238,0.008,False
8.5,5,2.0,0.188,0.012,False
8.5,5,1.0,0.1,0.1,False
8.5,6,1.0,0.1,0.1,False
8.5,6,2.0,0.156,0.016,False
8.5,7,1.0,0.1,0.1,False
8.5,7,2.0,0.134,0.02,False
8.5,8,1.0,0.1,0.1,False
8.5,8,2.0,0.119,0.023,False
8.5,9,1.0,0.1,0.1,False
8.5,9,2.0,0.108,0.026,False
8.55,1,1.0,0.1,0.1,False
8.55,1,3.0,0.998,0.0,True
8.55,2,1.0,0.1,0.1,False
8.55,2,3.0,0.493,0.002,False
8.55,3,1.0,0.1,0.1,False
8.55,3,3.0,0.323,0.004,False
8.55,4,1.0,0.1,0.1,False
8.55,4,3.0,0.238,0.008,False
8.55,5,2.0,0.188,0.012,False
8.55,5,1.0,0.1,0.1,False
8.55,6,1.0,0.1,0.1,False
8.55,6,2.0,0.156,0.015,False
8.55,7,1.0,0.1,0.1,False
8.55,7,2.0,0.135,0.019,False
8.55,8,1.0,0.1,0.1,False
8.55,8,2.0,0.119,0.022,False
8.55,9,1.0,0.1,0.1,False
8.55,9,2.0,0.108,0.025,False
8.6,1,1.0,0.1,0.1,False
8.6,1,3.0,0.998,0.0,True
8.6,2,1.0,0.1,0.1,False
8.6,2,3.0,0.493,0.002,False
8.6,3,1.0,0.1,0.1,False
8.6,3,3.0,0.323,0.004,False
8.6,4,1.0,0.1,0.1,False
8.6,4,3.0,0.239,0.008,False
8.6,5,2.0,0.189,0.011,False
8.6,5,1.0,0.1,0.1,False
8.6,6,1.0,0.1,0.1,False
8.6,6,2.0,0.157,0.015,False
8.6,7,1.0,0.1,0.1,False
8.6,7,2.0,0.135,0.018,False
8.6,8,1.0,0.1,0.1,False
8.6,8,2.0,0.12,0.022,False
8.6,9,1.0,0.1,0.1,False
8.6,9,2.0,0.108,0.025,False
8.65,1,1.0,0.1,0.1,False
8.65,1,3.0,0.998,0.0,True
8.65,2,1.0,0.1,0.1,False
8.65,2,3.0,0.494,0.002,False
8.65,3,1.0,0.1,0.1,False
8.65,3,3.0,0.324,0.004,False
8.65,4,1.0,0.1,0.1,False
8.65,4,3.0,0.239,0.007,False
8.65,5,2.0,0.189,0.011,False
8.65,5,1.0,0.1,0.1,False
8.65,6,1.0,0.1,0.1,False
8.65,6,2.0,0.157,0.014,False
8.65,7,1.0,0.1,0.1,False
8.65,7,2.0,0.135,0.018,False
8.65,8,1.0,0.1,0.1,False
8.65,8,2.0,0.12,0.021,False
8.65,9,1.0,0.1,0.1,False
8.65,9,2.0,0.108,0.024,False
8.700000000000001,1,1.0,0.1,0.1,False
8.700000000000001,1,3.0,0.998,0.0,True
8.700000000000001,2,1.0,0.1,0.1,False
8.700000000000001,2,3.0,0.494,0.002,False
8.700000000000001,3,1.0,0.1,0.1,False
8.700000000000001,3,3.0,0.324,0.004,False
8.700000000000001,4,1.0,0.1,0.1,False
8.700000000000001,4,3.0,0.239,0.007,False
8.700000000000001,5,2.0,0.19,0.01,False
8.700000000000001,5,1.0,0.1,0.1,False
8.700000000000001,6,1.0,0.1,0.1,False
8.700000000000001,6,2.0,0.157,0.014,False
8.700000000000001,7,1.0,0.1,0.1,False
8.700000000000001,7,2.0,0.135,0.017,False
8.700000000000001,8,1.0,0.1,0.1,False
8.700000000000001,8,2.0,0.12,0.02,False
8.700000000000001,9,1.0,0.1,0.1,False
8.700000000000001,9,2.0,0.109,0.023,False
8.75,1,1.0,0.1,0.1,False
8.75,1,3.0,0.998,0.0,True
8.75,2,1.0,0.1,0.1,False
8.75,2,3.0,0.494,0.001,False
8.75,3,1.0,0.1,0.1,False
8.75,3,3.0,0.324,0.004,False
8.75,4,1.0,0.1,0.1,False
8.75,4,3.0,0.24,0.007,False
8.75,5,2.0,0.19,0.01,False
8.75,5,1.0,0.1,0.1,False
8.75,6,1.0,0.1,0.1,False
8.75,6,2.0,0.158,0.014,False
8.75,7,1.0,0.1,0.1,False
8.75,7,2.0,0.136,0.017,False
8.75,8,1.0,0.1,0.1,False
8.75,8,2.0,0.12,0.02,False
8.75,9,1.0,0.1,0.1,False
8.75,9,2.0,0.109,0.023,False
8.8,1,1.0,0.1,0.1,False
8.8,2,1.0,0.1,0.1,False
8.8,2,3.0,0.494,0.001,False
8.8,3,1.0,0.1,0.1,False
8.8,3,3.0,0.325,0.004,False
8.8,4,1.0,0.1,0.1,False
8.8,4,3.0,0.24,0.007,False
8.8,5,2.0,0.19,0.01,False
8.8,5,1.0,0.1,0.1,False
8.8,6,1.0,0.1,0.1,False
8.8,6,2.0,0.158,0.013,False
8.8,7,1.0,0.1,0.1,False
8.8,7,2.0,0.136,0.016,False
8.8,8,1.0,0.1,0.1,False
8.8,8,2.0,0.12,0.019,False
8.8,9,1.0,0.1,0.1,False
8.8,9,2.0,0.109,0.022,False
8.85,1,1.0,0.1,0.1,False
8.85,1,3.0,0.999,0.0,True
8.85,2,1.0,0.1,0.1,False
8.85,2,3.0,0.495,0.001,False
8.85,3,1.0,0.1,0.1,False
8.85,3,3.0,0.325,0.004,False
8.85,4,1.0,0.1,0.1,False
8.85,4,3.0,0.24,0.006,False
8.85,5,2.0,0.191,0.009,False
8.85,5,1.0,0.1,0.1,False
8.85,6,1.0,0.1,0.1,False
8.85,6,2.0,0.158,0.013,False
8.85,7,1.0,0.1,0.1,False
8.85,7,2.0,0.136,0.016,False
8.85,8,1.0,0.1,0.1,False
8.85,8,2.0,0.12,0.019,False
8.85,9,1.0,0.1,0.1,False
8.85,9,2.0,0.109,0.022,False
8.9,1,1.0,0.1,0.1,False
8.9,1,3.0,0.999,0.0,True
8.9,2,1.0,0.1,0.1,False
8.9,2,3.0,0.495,0.001,False
8.9,3,1.0,0.1,0.1,False
8.9,3,3.0,0.325,0.003,False
8.9,4,1.0,0.1,0.1,False
8.9,4,3.0,0.241,0.006,False
8.9,5,2.0,0.191,0.009,False
8.9,5,1.0,0.1,0.1,False
8.9,6,1.0,0.1,0.1,False
8.9,6,2.0,0.158,0.012,False
8.9,7,1.0,0.1,0.1,False
8.9,7,2.0,0.136,0.015,False
8.9,8,1.0,0.1,0.1,False
8.9,8,2.0,0.12,0.018,False
8.9,9,1.0,0.1,0.1,False
8.9,9,2.0,0.109,0.021,False
8.950000000000001,1,1.0,0.1,0.1,False
8.950000000000001,1,3.0,0.999,0.0,True
8.950000000000001,2,1.0,0.1,0.1,False
8.950000000000001,2,3.0,0.495,0.001,False
8.950000000000001,3,1.0,0.1,0.1,False
8.950000000000001,3,3.0,0.326,0.003,False
8.950000000000001,4,1.0,0.1,0.1,False
8.950000000000001,4,3.0,0.241,0.006,False
8.950000000000001,5,2.0,0.191,0.009,False
8.950000000000001,5,1.0,0.1,0.1,False
8.950000000000001,6,1.0,0.1,0.1,False
8.950000000000001,6,2.0,0.159,0.012,False
8.950000000000001,7,1.0,0.1,0.1,False
8.950000000000001,7,2.0,0.136,0.015,False
8.950000000000001,8,1.0,0.1,0.1,False
8.950000000000001,8,2.0,0.121,0.018,False
8.950000000000001,9,1.0,0.1,0.1,False
8.950000000000001,9,2.0,0.109,0.02,False
9.0,1,1.0,0.1,0.1,False
9.0,1,3.0,0.999,0.0,True
9.0,2,1.0,0.1,0.1,False
9.0,2,3.0,0.495,0.001,False
9.0,3,1.0,0.1,0.1,False
9.0,3,3.0,0.326,0.003,False
9.0,4,1.0,0.1,0.1,False
9.0,4,3.0,0.241,0.006,False
9.0,5,2.0,0.191,0.009,False
9.0,5,1.0,0.1,0.1,False
9.0,6,1.0,0.1,0.1,False
9.0,6,2.0,0.159,0.012,False
9.0,7,1.0,0.1,0.1,False
9.0,7,2.0,0.137,0.015,False
9.0,8,1.0,0.1,0.1,False
9.0,8,2.0,0.121,0.017,False
9.0,9,1.0,0.1,0.1,False
9.0,9,2.0,0.109,0.02,False
9.05,1,1.0,0.1,0.1,False
9.05,1,3.0,0.999,0.0,True
9.05,2,1.0,0.1,0.1,False
9.05,2,3.0,0.495,0.001,False
9.05,3,1.0,0.1,0.1,False
9.05,3,3.0,0.326,0.003,False
9.05,4,1.0,0.1,0.1,False
9.05,4,3.0,0.242,0.006,False
9.05,5,2.0,0.192,0.008,False
9.05,5,1.0,0.1,0.1,False
9.05,6,1.0,0.1,0.1,False
9.05,6,2.0,0.159,0.011,False
9.05,7,1.0,0.1,0.1,False
9.05,7,2.0,0.137,0.014,False
9.05,8,1.0,0.1,0.1,False
9.05,8,2.0,0.121,0.017,False
9.05,9,1.0,0.1,0.1,False
9.05,9,2.0,0.109,0.019,False
9.1,1,1.0,0.1,0.1,False
9.1,1,3.0,0.999,0.0,True
9.1,2,1.0,0.1,0.1,False
9.1,2,3.0,0.496,0.001,False
9.1,3,1.0,0.1,0.1,False
9.1,3,3.0,0.326,0.003,False
9.1,4,1.0,0.1,0.1,False
9.1,4,3.0,0.242,0.005,False
9.1,5,2.0,0.192,0.008,False
9.1,5,1.0,0.1,0.1,False
9.1,6,1.0,0.1,0.1,False
9.1,6,2.0,0.159,0.011,False
9.1,7,1.0,0.1,0.1,False
9.1,7,2.0,0.137,0.014,False
9.1,8,1.0,0.1,0.1,False
9.1,8,2.0,0.121,0.016,False
9.1,9,1.0,0.1,0.1,False
9.1,9,2.0,0.109,0.019,False
9.15,1,1.0,0.1,0.1,False
9.15,1,3.0,0.999,0.0,True
9.15,2,1.0,0.1,0.1,False
9.15,2,3.0,0.496,0.001,False
9.15,3,1.0,0.1,0.1,False
9.15,3,3.0,0.327,0.003,False
9.15,4,1.0,0.1,0.1,False
9.15,4,3.0,0.242,0.005,False
9.15,5,2.0,0.192,0.008,False
9.15,5,1.0,0.1,0.1,False
9.15,6,1.0,0.1,0.1,False
9.15,6,2.0,0.16,0.011,False
9.15,7,1.0,0.1,0.1,False
9.15,7,2.0,0.137,0.013,False
9.15,8,1.0,0.1,0.1,False
9.15,8,2.0,0.121,0.016,False
9.15,9,1.0,0.1,0.1,False
9.15,9,2.0,0.109,0.018,False
9.200000000000001,1,1.0,0.1,0.1,False
9.200000000000001,2,1.0,0.1,0.1,False
9.200000000000001,2,3.0,0.496,0.001,False
9.200000000000001,3,1.0,0.1,0.1,False
9.200000000000001,3,3.0,0.327,0.003,False
9.200000000000001,4,1.0,0.1,0.1,False
9.200000000000001,4,3.0,0.242,0.005,False
9.200000000000001,5,2.0,0.192,0.008,False
9.200000000000001,5,1.0,0.1,0.1,False
9.200000000000001,6,1.0,0.1,0.1,False
9.200000000000001,6,2.0,0.16,0.01,False
9.200000000000001,7,1.0,0.1,0.1,False
9.200000000000001,7,2.0,0.137,0.013,False
9.200000000000001,8,1.0,0.1,0.1,False
9.200000000000001,8,2.0,0.121,0.015,False
9.200000000000001,9,1.0,0.1,0.1,False
9.200000000000001,9,2.0,0.109,0.018,False
9.25,1,1.0,0.1,0.1,False
9.25,1,3.0,0.999,0.0,True
9.25,2,1.0,0.1,0.1,False
9.25,2,3.0,0.496,0.001,False
9.25,3,1.0,0.1,0.1,False
9.25,3,3.0,0.327,0.003,False
9.25,4,1.0,0.1,0.1,False
9.25,4,3.0,0.243,0.005,False
9.25,5,2.0,0.193,0.007,False
9.25,5,1.0,0.1,0.1,False
9.25,6,1.0,0.1,0.1,False
9.25,6,2.0,0.16,0.01,False
9.25,7,1.0,0.1,0.1,False
9.25,7,2.0,0.137,0.013,False
9.25,8,1.0,0.1,0.1,False
9.25,8,2.0,0.121,0.015,False
9.25,9,1.0,0.1,0.1,False
9.25,9,2.0,0.109,0.017,False
9.3,1,1.0,0.1,0.1,False
9.3,1,3.0,0.999,0.0,True
9.3,2,1.0,0.1,0.1,False
9.3,2,3.0,0.496,0.001,False
9.3,3,1.0,0.1,0.1,False
9.3,3,3.0,0.327,0.003,False
9.3,4,1.0,0.1,0.1,False
9.3,4,3.0,0.243,0.005,False
9.3,5,2.0,0.193,0.007,False
9.3,5,1.0,0.1,0.1,False
9.3,6,1.0,0.1,0.1,False
9.3,6,2.0,0.16,0.01,False
9.3,7,1.0,0.1,0.1,False
9.3,7,2.0,0.138,0.012,False
9.3,8,1.0,0.1,0.1,False
9.3,8,2.0,0.121,0.015,False
9.3,9,1.0,0.1,0.1,False
9.3,9,2.0,0.109,0.017,False
9.35,1,1.0,0.1,0.1,False
9.35,1,3.0,0.999,0.0,True
9.35,2,1.0,0.1,0.1,False
9.35,2,3.0,0.496,0.001,False
9.35,3,1.0,0.1,0.1,False
9.35,3,3.0,0.328,0.002,False
9.35,4,1.0,0.1,0.1,False
9.35,4,3.0,0.243,0.005,False
9.35,5,2.0,0.193,0.007,False
9.35,5,1.0,0.1,0.1,False
9.35,6,1.0,0.1,0.1,False
9.35,6,2.0,0.16,0.009,False
9.35,7,1.0,0.1,0.1,False
9.35,7,2.0,0.138,0.012,False
9.35,8,1.0,0.1,0.1,False
9.35,8,2.0,0.121,0.014,False
9.35,9,1.0,0.1,0.1,False
9.35,9,2.0,0.109,0.017,False
9.4,1,1.0,0.1,0.1,False
9.4,1,3.0,0.999,0.0,True
9.4,2,1.0,0.1,0.1,False
9.4,2,3.0,0.497,0.001,False
9.4,3,1.0,0.1,0.1,False
9.4,3,3.0,0.328,0.002,False
9.4,4,1.0,0.1,0.1,False
9.4,4,3.0,0.243,0.004,False
9.4,5,2.0,0.193,0.007,False
9.4,5,1.0,0.1,0.1,False
9.4,6,1.0,0.1,0.1,False
9.4,6,2.0,0.161,0.009,False
9.4,7,1.0,0.1,0.1,False
9.4,7,2.0,0.138,0.012,False
9.4,8,1.0,0.1,0.1,False
9.4,8,2.0,0.122,0.014,False
9.4,9,1.0,0.1,0.1,False
9.4,9,2.0,0.109,0.016,False
9.450000000000001,1,1.0,0.1,0.1,False
9.450000000000001,1,3.0,0.999,0.0,True
9.450000000000001,2,1.0,0.1,0.1,False
9.450000000000001,2,3.0,0.497,0.001,False
9.450000000000001,3,1.0,0.1,0.1,False
9.450000000000001,3,3.0,0.328,0.002,False
9.450000000000001,4,1.0,0.1,0.1,False
9.450000000000001,4,3.0,0.244,0.004,False
9.450000000000001,5,2.0,0.194,0.006,False
9.450000000000001,5,1.0,0.1,0.1,False
9.450000000000001,6,1.0,0.1,0.1,False
9.450000000000001,6,2.0,0.161,0.009,False
9.450000000000001,7,1.0,0.1,0.1,False
9.450000000000001,7,2.0,0.138,0.011,False
9.450000000000001,8,1.0,0.1,0.1,False
9.450000000000001,8,2.0,0.122,0.014,False
9.450000000000001,9,1.0,0.1,0.1,False
9.450000000000001,9,2.0,0.109,0.016,False
9.5,1,1.0,0.1,0.1,False
9.5,1,3.0,0.999,0.0,True
9.5,2,1.0,0.1,0.1,False
9.5,2,3.0,0.497,0.001,False
9.5,3,1.0,0.1,0.1,False
9.5,3,3.0,0.328,0.002,False
9.5,4,1.0,0.1,0.1,False
9.5,4,3.0,0.244,0.004,False
9.5,5,2.0,0.194,0.006,False
9.5,5,1.0,0.1,0.1,False
9.5,6,1.0,0.1,0.1,False
9.5,6,2.0,0.161,0.009,False
9.5,7,1.0,0.1,0.1,False
9.5,7,2.0,0.138,0.011,False
9.5,8,1.0,0.1,0.1,False
9.5,8,2.0,0.122,0.013,False
9.5,9,1.0,0.1,0.1,False
9.5,9,2.0,0.109,0.015,False
9.55,1,1.0,0.1,0.1,False
9.55,2,1.0,0.1,0.1,False
9.55,2,3.0,0.497,0.001,False
9.55,3,1.0,0.1,0.1,False
9.55,3,3.0,0.328,0.002,False
9.55,4,1.0,0.1,0.1,False
9.55,4,3.0,0.244,0.004,False
9.55,5,2.0,0.194,0.006,False
9.55,5,1.0,0.1,0.1,False
9.55,6,1.0,0.1,0.1,False
9.55,6,2.0,0.161,0.008,False
9.55,7,1.0,0.1,0.1,False
9.55,7,2.0,0.138,0.011,False
9.55,8,1.0,0.1,0.1,False
9.55,8,2.0,0.122,0.013,False
9.55,9,1.0,0.1,0.1,False
9.55,9,2.0,0.109,0.015,False
9.600000000000001,1,1.0,0.1,0.1,False
9.600000000000001,1,3.0,0.999,0.0,True
9.600000000000001,2,1.0,0.1,0.1,False
9.600000000000001,2,3.0,0.497,0.001,False
9.600000000000001,3,1.0,0.1,0.1,False
9.600000000000001,3,3.0,0.328,0.002,False
9.600000000000001,4,1.0,0.1,0.1,False
9.600000000000001,4,3.0,0.244,0.004,False
9.600000000000001,5,2.0,0.194,0.006,False
9.600000000000001,5,1.0,0.1,0.1,False
9.600000000000001,6,1.0,0.1,0.1,False
9.600000000000001,6,2.0,0.161,0.008,False
9.600000000000001,7,1.0,0.1,0.1,False
9.600000000000001,7,2.0,0.138,0.01,False
9.600000000000001,8,1.0,0.1,0.1,False
9.600000000000001,8,2.0,0.122,0.012,False
9.600000000000001,9,1.0,0.1,0.1,False
9.600000000000001,9,2.0,0.109,0.015,False
9.65,1,1.0,0.1,0.1,False
9.65,2,1.0,0.1,0.1,False
9.65,2,3.0,0.497,0.001,False
9.65,3,1.0,0.1,0.1,False
9.65,3,3.0,0.329,0.002,False
9.65,4,1.0,0.1,0.1,False
9.65,4,3.0,0.244,0.004,False
9.65,5,2.0,0.194,0.006,False
9.65,5,1.0,0.1,0.1,False
9.65,6,1.0,0.1,0.1,False
9.65,6,2.0,0.161,0.008,False
9.65,7,1.0,0.1,0.1,False
9.65,7,2.0,0.139,0.01,False
9.65,8,1.0,0.1,0.1,False
9.65,8,2.0,0.122,0.012,False
9.65,9,1.0,0.1,0.1,False
9.65,9,2.0,0.11,0.014,False
9.700000000000001,1,1.0,0.1,0.1,False
9.700000000000001,1,3.0,0.999,0.0,True
9.700000000000001,2,1.0,0.1,0.1,False
9.700000000000001,2,3.0,0.497,0.001,False
9.700000000000001,3,1.0,0.1,0.1,False
9.700000000000001,3,3.0,0.329,0.002,False
9.700000000000001,4,1.0,0.1,0.1,False
9.700000000000001,4,3.0,0.245,0.004,False
9.700000000000001,5,2.0,0.194,0.006,False
9.700000000000001,5,1.0,0.1,0.1,False
9.700000000000001,6,1.0,0.1,0.1,False
9.700000000000001,6,2.0,0.162,0.008,False
9.700000000000001,7,1.0,0.1,0.1,False
9.700000000000001,7,2.0,0.139,0.01,False
9.700000000000001,8,1.0,0.1,0.1,False
9.700000000000001,8,2.0,0.122,0.012,False
9.700000000000001,9,1.0,0.1,0.1,False
9.700000000000001,9,2.0,0.11,0.014,False
9.75,1,1.0,0.1,0.1,False
9.75,1,3.0,0.999,0.0,True
9.75,2,1.0,0.1,0.1,False
9.75,2,3.0,0.497,0.001,False
9.75,3,1.0,0.1,0.1,False
9.75,3,3.0,0.329,0.002,False
9.75,4,1.0,0.1,0.1,False
9.75,4,3.0,0.245,0.004,False
9.75,5,2.0,0.195,0.005,False
9.75,5,1.0,0.1,0.1,False
9.75,6,1.0,0.1,0.1,False
9.75,6,2.0,0.162,0.007,False
9.75,7,1.0,0.1,0.1,False
9.75,7,2.0,0.139,0.009,False
9.75,8,1.0,0.1,0.1,False
9.75,8,2.0,0.122,0.012,False
9.75,9,1.0,0.1,0.1,False
9.75,9,2.0,0.11,0.013,False
9.8,1,1.0,0.1,0.1,False
9.8,1,3.0,0.999,0.0,True
9.8,2,1.0,0.1,0.1,False
9.8,2,3.0,0.497,0.001,False
9.8,3,1.0,0.1,0.1,False
9.8,3,3.0,0.329,0.002,False
9.8,4,1.0,0.1,0.1,False
9.8,4,3.0,0.245,0.003,False
9.8,5,2.0,0.195,0.005,False
9.8,5,1.0,0.1,0.1,False
9.8,6,1.0,0.1,0.1,False
9.8,6,2.0,0.162,0.007,False
9.8,7,1.0,0.1,0.1,False
9.8,7,2.0,0.139,0.009,False
9.8,8,1.0,0.1,0.1,False
9.8,8,2.0,0.122,0.011,False
9.8,9,1.0,0.1,0.1,False
9.8,9,2.0,0.11,0.013,False
9.850000000000001,1,1.0,0.1,0.1,False
9.850000000000001,1,3.0,0.999,0.0,True
9.850000000000001,2,1.0,0.1,0.1,False
9.850000000000001,2,3.0,0.498,0.001,False
9.850000000000001,3,1.0,0.1,0.1,False
9.850000000000001,3,3.0,0.329,0.002,False
9.850000000000001,4,1.0,0.1,0.1,False
9.850000000000001,4,3.0,0.245,0.003,False
9.850000000000001,5,2.0,0.195,0.005,False
9.850000000000001,5,1.0,0.1,0.1,False
9.850000000000001,6,1.0,0.1,0.1,False
9.850000000000001,6,2.0,0.162,0.007,False
9.850000000000001,7,1.0,0.1,0.1,False
9.850000000000001,7,2.0,0.139,0.009,False
9.850000000000001,8,1.0,0.1,0.1,False
9.850000000000001,8,2.0,0.122,0.011,False
9.850000000000001,9,1.0,0.1,0.1,False
9.850000000000001,9,2.0,0.11,0.013,False
9.9,1,1.0,0.1,0.1,False
9.9,1,3.0,1.0,0.0,True
9.9,2,1.0,0.1,0.1,False
9.9,2,3.0,0.498,0.001,False
9.9,3,1.0,0.1,0.1,False
9.9,3,3.0,0.329,0.002,False
9.9,4,1.0,0.1,0.1,False
9.9,4,3.0,0.245,0.003,False
9.9,5,2.0,0.195,0.005,False
9.9,5,1.0,0.1,0.1,False
9.9,6,1.0,0.1,0.1,False
9.9,6,2.0,0.162,0.007,False
9.9,7,1.0,0.1,0.1,False
9.9,7,2.0,0.139,0.009,False
9.9,8,1.0,0.1,0.1,False
9.9,8,2.0,0.122,0.011,False
9.9,9,1.0,0.1,0.1,False
9.9,9,2.0,0.11,0.012,False
9.950000000000001,1,1.0,0.1,0.1,False
9.950000000000001,1,3.0,1.0,0.0,True
9.950000000000001,2,1.0,0.1,0.1,False
9.950000000000001,2,3.0,0.498,0.001,False
9.950000000000001,3,1.0,0.1,0.1,False
9.950000000000001,3,3.0,0.33,0.002,False
9.950000000000001,4,1.0,0.1,0.1,False
9.950000000000001,4,3.0,0.245,0.003,False
9.950000000000001,5,2.0,0.195,0.005,False
9.950000000000001,5,1.0,0.1,0.1,False
9.950000000000001,6,1.0,0.1,0.1,False
9.950000000000001,6,2.0,0.162,0.007,False
9.950000000000001,7,1.0,0.1,0.1,False
9.950000000000001,7,2.0,0.139,0.009,False
9.950000000000001,8,1.0,0.1,0.1,False
9.950000000000001,8,2.0,0.122,0.01,False
9.950000000000001,9,1.0,0.1,0.1,False
9.950000000000001,9,2.0,0.11,0.012,False
10.0,1,1.0,0.1,0.1,False
10.0,1,3.0,1.0,0.0,True
10.0,2,1.0,0.1,0.1,False
10.0,2,3.0,0.498,0.001,False
10.0,3,1.0,0.1,0.1,False
10.0,3,3.0,0.33,0.002,False
10.0,4,1.0,0.1,0.1,False
10.0,4,3.0,0.246,0.003,False
10.0,5,2.0,0.195,0.005,False
10.0,5,1.0,0.1,0.1,False
10.0,6,1.0,0.1,0.1,False
10.0,6,2.0,0.162,0.006,False
10.0,7,1.0,0.1,0.1,False
10.0,7,2.0,0.139,0.008,False
10.0,8,1.0,0.1,0.1,False
10.0,8,2.0,0.122,0.01,False
10.0,9,1.0,0.1,0.1,False
10.0,9,2.0,0.11,0.012,False
