beta,group,n_1,n_2,s_1,s_2,stable
2.0,1.0,8,0,0.0,0.0,True
2.4,1.0,8,0,0.0,0.0,False
2.8,1.0,8,0,0.0,0.0,False
3.2,1.0,8,0,0.0,0.0,False
3.6,1.0,8,0,0.0,0.0,False
4.0,1.0,8,0,0.0,0.0,False
4.4,1.0,8,0,0.0,0.0,False
4.800000000000001,1.0,8,0,0.0,0.0,False
5.2,1.0,8,0,0.0,0.0,False
5.6,1.0,8,0,0.0,0.0,False
6.0,1.0,8,0,0.0,0.0,False
6.4,1.0,8,0,0.0,0.0,False
6.800000000000001,1.0,8,0,0.0,0.0,False
7.2,1.0,8,0,0.0,0.0,False
7.6000000000000005,1.0,8,0,0.0,0.0,False
8.0,1.0,8,0,0.0,0.0,False
8.4,1.0,8,0,0.0,0.0,False
8.8,1.0,8,0,0.0,0.0,False
9.2,1.0,8,0,0.0,0.0,False
9.600000000000001,1.0,8,0,0.0,0.0,False
10.0,1.0,8,0,0.0,0.0,False
0.0,1.0,8,0,0.0,0.0,True
0.1,1.0,8,0,0.0,0.0,True
0.2,1.0,8,0,0.0,0.0,True
0.30000000000000004,1.0,8,0,0.0,0.0,True
0.4,1.0,8,0,0.0,0.0,True
0.5,1.0,8,0,0.0,0.0,True
0.6000000000000001,1.0,8,0,0.0,0.0,True
0.7000000000000001,1.0,8,0,0.0,0.0,True
0.8,1.0,8,0,0.0,0.0,True
0.9,1.0,8,0,0.0,0.0,True
1.0,1.0,8,0,0.0,0.0,True
1.1,1.0,8,0,0.0,0.0,True
1.2000000000000002,1.0,8,0,0.0,0.0,True
1.3,1.0,8,0,0.0,0.0,True
1.4000000000000001,1.0,8,0,0.0,0.0,True
1.5,1.0,8,0,0.0,0.0,True
1.6,1.0,8,0,0.0,0.0,True
1.7000000000000002,1.0,8,0,0.0,0.0,True
1.8,1.0,8,0,0.0,0.0,True
1.9000000000000001,1.0,8,0,0.0,0.0,True
2.0,1.0,8,0,0.0,0.0,True
2.0,,1,7,1.1208658663107391e-06,-1.6012369518724846e-07,True
2.0,,2,6,1.1208656270009388e-06,-3.736218756669797e-07,True
2.0,,3,5,1.120865292025677e-06,-6.725191752154061e-07,True
2.0,,4,4,1.1208647894556065e-06,-1.1208647894556065e-06,True
2.0,,5,3,1.1208639519462206e-06,-1.8681065865770343e-06,True
2.0,,6,2,1.12086227682712e-06,-3.3625868304813604e-06,True
2.0,,7,1,1.1208572515067986e-06,-7.846000760547591e-06,True
2.05,,1,7,0.2343694154404252,-0.03348134506291788,False
2.05,,2,6,0.2008880703850435,-0.06696269012834784,False
2.05,,3,5,0.16740672532767134,-0.10044403519660282,True
2.05,,4,4,0.13392538027814005,-0.13392538027814005,True
2.05,,5,3,0.10044403524780013,-0.1674067254130002,False
2.05,,6,2,0.06696269022164505,-0.2008880706649352,False
2.05,,7,1,0.033481345029631536,-0.2343694152074208,False
2.1,,1,7,0.3243675159986772,-0.0463382165712396,False
2.1,,2,6,0.2780292994284048,-0.09267643314280158,True
2.1,,3,5,0.2316910828571609,-0.13901464971429656,True
2.1,,4,4,0.18535286628597372,-0.18535286628597372,True
2.1,,5,3,0.13901464971459696,-0.23169108285766166,False
2.1,,6,2,0.09267643314265467,-0.278029299427964,False
2.1,,7,1,0.04633821659970965,-0.3243675161979675,False
2.15,,1,7,0.3890015847870118,-0.05557165496957312,False
2.15,,2,6,0.33342992981755537,-0.11114330993918513,True
2.15,,3,5,0.27785827484793946,-0.16671496490876367,True
2.15,,4,4,0.22228661987833728,-0.22228661987833728,True
2.15,,5,3,0.16671496490873394,-0.2778582748478899,False
2.15,,6,2,0.11114330993914273,-0.3334299298174281,False
2.15,,7,1,0.05557165498255387,-0.3890015848778771,False
2.2,,1,7,0.44007300307653774,-0.06286757186807683,False
2.2,,2,6,0.3772054312084917,-0.1257351437361639,True
2.2,,3,5,0.3143378593404027,-0.1886027156042416,True
2.2,,4,4,0.2514702874723179,-0.2514702874723179,True
2.2,,5,3,0.18860271560423664,-0.3143378593403944,False
2.2,,6,2,0.12573514374053166,-0.3772054312215949,False
2.2,,7,1,0.06286757186843371,-0.440073003079036,False
2.25,,1,7,0.4822905170346901,-0.06889864529067001,False
2.25,,2,6,0.4133918717446107,-0.1377972905815369,True
2.25,,3,5,0.3444932264538407,-0.2066959358723044,True
2.25,,4,4,0.27559458116307106,-0.27559458116307106,True
2.25,,5,3,0.2066959359000222,-0.3444932265000369,False
2.25,,6,2,0.1377972905816479,-0.4133918717449436,False
2.25,,7,1,0.06889864529076853,-0.4822905170353797,False
2.3,,1,7,0.5181355989599236,-0.07401937127998909,False
2.3,,2,6,0.44411622784265103,-0.14803874261421698,True
2.3,,3,5,0.3700968564689272,-0.2220581138813563,True
2.3,,4,4,0.29607748514582544,-0.29607748514582544,True
2.3,,5,3,0.22205811384440272,-0.3700968564073379,False
2.3,,6,2,0.14803874256027744,-0.4441162276808324,False
2.3,,7,1,0.07401937127736836,-0.5181355989415786,False
2.35,,1,7,0.5491193419217415,-0.0784456202745345,False
2.35,,2,6,0.4706737216967753,-0.15689124056559176,True
2.35,,3,5,0.3922281013908309,-0.2353368608344985,True
2.35,,4,4,0.31378248110387313,-0.31378248110387313,True
2.35,,5,3,0.2353368608243537,-0.3922281013739229,False
2.35,,6,2,0.1568912405491635,-0.4706737216474906,False
2.35,,7,1,0.0784456202745815,-0.5491193419220706,False
2.4,,1,7,0.5762484528549869,-0.08232120755071241,False
2.4,,2,6,0.4939272453194278,-0.16464241510647595,True
2.4,,3,5,0.4116060377584017,-0.24696362265504104,True
2.4,,4,4,0.3292848302041348,-0.3292848302041348,False
2.4,,5,3,0.2469636226522513,-0.4116060377537522,False
2.4,,6,2,0.16464241510270192,-0.4939272453081058,False
2.4,,7,1,0.08232120755073002,-0.5762484528551102,False
2.45,,1,7,0.6002360602527866,-0.08574800860754095,False
2.45,,2,6,0.5144880516499183,-0.1714960172166394,True
2.45,,3,5,0.4287400430390224,-0.2572440258234134,True
2.45,,4,4,0.3429920344304601,-0.3429920344304601,False
2.45,,5,3,0.2572440258226383,-0.4287400430377305,False
2.45,,6,2,0.17149601721508131,-0.5144880516452439,False
2.45,,7,1,0.08574800860765212,-0.6002360602535648,False
2.5,,1,7,0.621610310551884,-0.08880147293598342,False
2.5,,2,6,0.5328088376173531,-0.17760294587245107,True
2.5,,3,5,0.4440073646802821,-0.2664044188081693,True
2.5,,4,4,0.35520589174400297,-0.35520589174400297,False
2.5,,5,3,0.2664044188079508,-0.444007364679918,False
2.5,,6,2,0.17760294587193304,-0.532808837615799,False
2.5,,7,1,0.08880147293878846,-0.6216103105715192,False
2.55,,1,7,0.6407757355926892,-0.0915393907989556,False
2.55,,2,6,0.5492363447941885,-0.18307878159806285,True
2.55,,3,5,0.4576969539948804,-0.2746181723969282,True
2.55,,4,4,0.3661575631958381,-0.3661575631958381,False
2.55,,5,3,0.2746181723968653,-0.4576969539947756,False
2.55,,6,2,0.18307878159785526,-0.5492363447935659,False
2.55,,7,1,0.0915393907989546,-0.6407757355926823,False
2.6,,1,7,0.6580504320736745,-0.09400720458195352,False
2.6,,2,6,0.5640432274918641,-0.18801440916395468,True
2.6,,3,5,0.4700360229097959,-0.28202161374587753,True
2.6,,4,4,0.3760288183278164,-0.3760288183278164,False
2.6,,5,3,0.2820216137458585,-0.4700360229097642,False
2.6,,6,2,0.18801440916387646,-0.5640432274916296,False
2.6,,7,1,0.09400720458195257,-0.6580504320736678,False
2.65,,1,7,0.6736898463792171,-0.09624140662560243,False
2.65,,2,6,0.5774484397536597,-0.1924828132512199,True
2.65,,3,5,0.4812070331280194,-0.2887242198768116,True
2.65,,4,4,0.38496562650240895,-0.38496562650240895,False
2.65,,5,3,0.2887242198768054,-0.481207033128009,False
2.65,,6,2,0.19248281325119587,-0.5774484397535876,False
2.65,,7,1,0.09624140662560143,-0.6736898463792101,False
2.7,,1,7,0.6879026705261431,-0.09827181007516328,False
2.7,,2,6,0.5896308604509937,-0.1965436201503312,True
2.7,,3,5,0.4913590503758173,-0.2948154302254904,True
2.7,,4,4,0.3930872403006514,-0.3930872403006514,False
2.7,,5,3,0.2948154302368233,-0.4913590503947056,False
2.7,,6,2,0.19654362015032426,-0.5896308604509728,False
2.7,,7,1,0.09827181007516236,-0.6879026705261366,False
2.75,,1,7,0.7008618540782782,-0.1001231220111826,False
2.75,,2,6,0.6007387320670994,-0.20024624402236646,True
2.75,,3,5,0.5006156100559122,-0.3003693660335473,True
2.75,,4,4,0.4004924880447285,-0.4004924880447285,False
2.75,,5,3,0.3003693660376855,-0.5006156100628092,False
2.75,,6,2,0.2002462440223636,-0.6007387320670908,False
2.75,,7,1,0.10012312201118168,-0.7008618540782718,False
2.8,,1,7,0.7127124648109359,-0.10181606640156228,True
2.8,,2,6,0.610896398409374,-0.20363213280312467,True
2.8,,3,5,0.50908033200781,-0.305448199204686,True
2.8,,4,4,0.40726426564436136,-0.40726426564436136,False
2.8,,5,3,0.3054481992062001,-0.5090803320103335,False
2.8,,6,2,0.20363213280312292,-0.6108963984093689,False
2.8,,7,1,0.10181606640156136,-0.7127124648109294,False
2.85,,1,7,0.7235774442017591,-0.10336820631453698,True
2.85,,2,6,0.6202092378872215,-0.20673641262907386,True
2.85,,3,5,0.5168410316495625,-0.31010461898973746,True
2.85,,4,4,0.4134728252757279,-0.4134728252757279,False
2.85,,5,3,0.3101046189441639,-0.5168410315736065,False
2.85,,6,2,0.20673641262907216,-0.6202092378872165,False
2.85,,7,1,0.10336820631453608,-0.7235774442017526,False
2.9,,1,7,0.733561914005376,-0.10479455914362514,True
2.9,,2,6,0.6287673551720953,-0.2095891183906984,True
2.9,,3,5,0.5239727959108177,-0.3143836775464906,True
2.9,,4,4,0.4191782367064029,-0.4191782367064029,False
2.9,,5,3,0.31438367752387564,-0.5239727958731261,False
2.9,,6,2,0.20958911834911312,-0.6287673550473394,False
2.9,,7,1,0.10479455917455732,-0.7335619142219012,False
2.95,,1,7,0.7427564613222808,-0.10610806590318296,True
2.95,,2,6,0.6366483954891992,-0.21221613182973306,True
2.95,,3,5,0.5305403295398216,-0.3183241977238929,True
2.95,,4,4,0.4244322636205412,-0.4244322636205412,False
2.95,,5,3,0.3183241977126105,-0.5305403295210175,False
2.95,,6,2,0.2122161318083527,-0.636648395425058,False
2.95,,7,1,0.10610806590417857,-0.74275646132925,False
3.0,,1,7,0.7512396820599045,-0.10731995457998636,True
3.0,,2,6,0.643919727513169,-0.21463990917105635,True
3.0,,3,5,0.5365997729095404,-0.3219598637457243,True
3.0,,4,4,0.4292798183218546,-0.4292798183218546,False
3.0,,5,3,0.3219598637400656,-0.5365997729001094,False
3.0,,6,2,0.214639909160017,-0.6439197274800509,False
3.0,,7,1,0.10731995458001264,-0.7512396820600884,False
3.05,,1,7,0.7590801849820442,-0.10844002642600632,True
3.05,,2,6,0.6506401585731808,-0.2168800528577269,True
3.05,,3,5,0.5422001321348029,-0.3253200792808817,True
3.05,,4,4,0.4337601057048802,-0.4337601057048802,False
3.05,,5,3,0.3253200792780285,-0.5422001321300476,False
3.05,,6,2,0.216880052852,-0.6506401585559999,False
3.05,,7,1,0.1084400264301532,-0.7590801850110724,False
3.1,,1,7,0.7663381853943038,-0.10947688362775768,True
3.1,,2,6,0.6568613017754628,-0.2189537672584876,True
3.1,,3,5,0.5473844181412054,-0.32843065088472323,True
3.1,,4,4,0.4379075345114395,-0.4379075345114395,False
3.1,,5,3,0.328430650883277,-0.547384418138795,False
3.1,,6,2,0.21895376725550011,-0.6568613017665005,False
3.1,,7,1,0.10947688363029999,-0.7663381854121001,False
3.1500000000000004,,1,7,0.7730667901942414,-0.11043811288489164,True
3.1500000000000004,,2,6,0.6626286773140012,-0.22087622577133376,True
3.1500000000000004,,3,5,0.5521905644256855,-0.3313143386554113,True
3.1500000000000004,,4,4,0.44175245153976,-0.44175245153976,False
3.1500000000000004,,5,3,0.3313143386546744,-0.5521905644244572,False
3.1500000000000004,,6,2,0.2208762257697647,-0.6626286773092941,False
3.1500000000000004,,7,1,0.11043811288641328,-0.7730667902048929,False
3.2,,1,7,0.7793130437425787,-0.1113304348203684,True
3.2,,2,6,0.6679826089232609,-0.22266086964108692,True
3.2,,3,5,0.5566521741013137,-0.33399130446078823,False
3.2,,4,4,0.4453217392806416,-0.4453217392806416,False
3.2,,5,3,0.3339913044604107,-0.5566521741006845,False
3.2,,6,2,0.22266086964025555,-0.6679826089207667,False
3.2,,7,1,0.11133043482103053,-0.7793130437472134,False
3.25,,1,7,0.7851187870432348,-0.11215982672046212,True
3.25,,2,6,0.6729589603239468,-0.2243196534413156,True
3.25,,3,5,0.560799133602543,-0.3364794801615257,False
3.25,,4,4,0.4486393068818208,-0.4486393068818208,False
3.25,,5,3,0.3364794801613312,-0.5607991336022187,False
3.25,,6,2,0.22431965344086996,-0.6729589603226098,False
3.25,,7,1,0.11215982672095977,-0.7851187870467186,False
3.3,,1,7,0.7905213694900036,-0.11293162421285766,True
3.3,,2,6,0.6775897452778137,-0.22586324842593786,True
3.3,,3,5,0.5646581210644468,-0.3387948726386681,False
3.3,,4,4,0.4517264968514455,-0.4517264968514455,False
3.3,,5,3,0.3387948726385672,-0.5646581210642786,False
3.3,,6,2,0.22586324842569525,-0.6775897452770858,False
3.3,,7,1,0.11293162421314948,-0.7905213694920463,False
3.35,,1,7,0.7955542429083197,-0.11365060612975995,True
3.35,,2,6,0.6819036367789169,-0.2273012122596389,True
3.35,,3,5,0.5682530306488844,-0.3409518183893307,False
3.35,,4,4,0.4546024245190484,-0.4546024245190484,False
3.35,,5,3,0.3409518183892778,-0.5682530306487964,False
3.35,,6,2,0.22730121225950414,-0.6819036367785126,False
3.35,,7,1,0.11365060612992445,-0.7955542429094712,False
3.4000000000000004,,1,7,0.800247460832085,-0.114321065833155,True
3.4000000000000004,,2,6,0.6859263949991198,-0.2286421316663733,True
3.4000000000000004,,3,5,0.5716053291658186,-0.3429631974994912,False
3.4000000000000004,,4,4,0.4572842633326234,-0.4572842633326234,False
3.4000000000000004,,5,3,0.3429631974994632,-0.5716053291657721,False
3.4000000000000004,,6,2,0.22864213166629646,-0.6859263949988892,False
3.4000000000000004,,7,1,0.11432106583324628,-0.8002474608327239,False
3.45,,1,7,0.8046281007678254,-0.11494687153826078,True
3.45,,2,6,0.6896812292296657,-0.2298937430765552,True
3.45,,3,5,0.5747343576913262,-0.34484061461479576,False
3.45,,4,4,0.45978748615304404,-0.45978748615304404,False
3.45,,5,3,0.3448406146147806,-0.574734357691301,False
3.45,,6,2,0.22989374307651,-0.6896812292295299,False
3.45,,7,1,0.11494687153831078,-0.8046281007681755,False
3.5,,1,7,0.8087206234099721,-0.11553151762999606,True
3.5,,2,6,0.6931891057800296,-0.2310630352600099,True
3.5,,3,5,0.5776575881499909,-0.34659455288999463,False
3.5,,4,4,0.4621260705199836,-0.4621260705199836,False
3.5,,5,3,0.34659455289493063,-0.5776575881582177,False
3.5,,6,2,0.2310630352599823,-0.6931891057799469,False
3.5,,7,1,0.11553151763002305,-0.8087206234101612,False
3.55,,1,7,0.8125471798590291,-0.11607816855128987,True
3.55,,2,6,0.6964690113077676,-0.23215633710258926,True
3.55,,3,5,0.5803908427564545,-0.34823450565387265,False
3.55,,4,4,0.4643126742051583,-0.4643126742051583,False
3.55,,5,3,0.3482345056561378,-0.5803908427602297,False
3.55,,6,2,0.23215633710257155,-0.6964690113077147,False
3.55,,7,1,0.1160781685513042,-0.8125471798591293,False
3.6,,1,7,0.8161278756715818,-0.1165896965245117,True
3.6,,2,6,0.6995381791470848,-0.2331793930490283,True
3.6,,3,5,0.5829484826225603,-0.3497690895735362,False
3.6,,4,4,0.4663587860980452,-0.4663587860980452,False
3.6,,5,3,0.34976908957453007,-0.5829484826242167,False
3.6,,6,2,0.2331793930490166,-0.6995381791470499,False
3.6,,7,1,0.11658969652451902,-0.8161278756716331,False
3.65,,1,7,0.819480998850682,-0.117068714121526,True
3.65,,2,6,0.7024122847291637,-0.23413742824305456,True
3.65,,3,5,0.5853435706076304,-0.35120614236457826,False
3.65,,4,4,0.4682748564861024,-0.4682748564861024,False
3.65,,5,3,0.3512061423649896,-0.5853435706083161,False
3.65,,6,2,0.2341374282430465,-0.7024122847291394,False
3.65,,7,1,0.11706871412152957,-0.8194809988507069,False
3.7,,1,7,0.8226232175419783,-0.1175176025059969,True
3.7,,2,6,0.7051056150359851,-0.23503520501199499,True
3.7,,3,5,0.587588012529984,-0.35255280751799045,False
3.7,,4,4,0.4700704100239858,-0.4700704100239858,False
3.7,,5,3,0.3525528075181479,-0.5875880125302465,False
3.7,,6,2,0.2350352050119892,-0.7051056150359676,False
3.7,,7,1,0.1175176025059984,-0.8226232175419889,False
3.75,,1,7,0.8255697521434913,-0.11793853602049875,True
3.75,,2,6,0.7076312161229943,-0.2358770720409981,True
3.75,,3,5,0.5896926801024929,-0.3538156080614957,False
3.75,,4,4,0.4717541440819933,-0.4717541440819933,False
3.75,,5,3,0.35381560806154955,-0.5896926801025826,False
3.75,,6,2,0.2358770720409937,-0.7076312161229812,False
3.75,,7,1,0.11793853602049915,-0.825569752143494,False
3.8,,1,7,0.8283345256979024,-0.11833350367112892,True
3.8,,2,6,0.7100010220267738,-0.23666700734225796,True
3.8,,3,5,0.5916675183556434,-0.35500051101338603,False
3.8,,4,4,0.4733340146845139,-0.4733340146845139,False
3.8,,5,3,0.3550005110134013,-0.5916675183556689,False
3.8,,6,2,0.23666700734225454,-0.7100010220267637,False
3.8,,7,1,0.11833350367112873,-0.8283345256979011,False
3.85,,1,7,0.8309302957655875,-0.11870432796651252,True
3.85,,2,6,0.7122259677990749,-0.23740865593302496,True
3.85,,3,5,0.5935216398325615,-0.3561129838995369,False
3.85,,4,4,0.4748173118660483,-0.4748173118660483,False
3.85,,5,3,0.35611298389953955,-0.5935216398325659,False
3.85,,6,2,0.2374086559330223,-0.7122259677990668,False
3.85,,7,1,0.11870432796651202,-0.8309302957655842,False
3.9,,1,7,0.8333687704369677,-0.11905268149099538,True
3.9,,2,6,0.7143160889459718,-0.23810536298199056,True
3.9,,3,5,0.5952634074549756,-0.35715804447298544,False
3.9,,4,4,0.47621072598438596,-0.47621072598438596,False
3.9,,5,3,0.3571580444729851,-0.5952634074549752,False
3.9,,6,2,0.2381053629819884,-0.7143160889459651,False
3.9,,7,1,0.11905268149099472,-0.8333687704369631,False
3.95,,1,7,0.8356607107056384,-0.1193801015293769,True
3.95,,2,6,0.716280609176261,-0.23876020305875365,True
3.95,,3,5,0.5969005076468832,-0.35814030458812995,False
3.95,,4,4,0.4775204061310212,-0.4775204061310212,False
3.95,,5,3,0.3581403045881291,-0.5969005076468819,False
3.95,,6,2,0.2387602030587517,-0.7162806091762551,False
3.95,,7,1,0.11938010152937616,-0.8356607107056331,False
4.0,,1,7,0.8378160210676089,-0.1196880030096584,True
4.0,,2,6,0.7181280180579498,-0.2393760060193166,True
4.0,,3,5,0.5984400151002943,-0.35906400906017666,False
4.0,,4,4,0.4787520120475938,-0.4787520120475938,False
4.0,,5,3,0.3590640090289737,-0.5984400150482894,False
4.0,,6,2,0.2393760060193149,-0.7181280180579448,False
4.0,,7,1,0.11968800300965765,-0.8378160210676036,False
4.050000000000002,,1,7,0.8398438292667776,-0.11997768989525395,True
4.050000000000002,,2,6,0.7198661400297864,-0.2399553800099288,True
4.050000000000002,,3,5,0.5998884499790043,-0.3599330699874026,False
4.050000000000002,,4,4,0.4799107599603107,-0.4799107599603107,False
4.050000000000002,,5,3,0.35993306996577096,-0.5998884499429515,False
4.050000000000002,,6,2,0.23995537997718,-0.71986613993154,False
4.050000000000002,,7,1,0.1199776899885901,-0.8398438299201306,False
4.1,,1,7,0.8417525607626783,-0.12025036582323975,True
4.1,,2,6,0.7215021952915983,-0.2405007317638661,True
4.1,,3,5,0.6012518293773423,-0.3607510976264054,False
4.1,,4,4,0.4810014634857937,-0.4810014634857937,False
4.1,,5,3,0.36075109761138,-0.6012518293523,False
4.1,,6,2,0.24050073174091946,-0.7215021952227584,False
4.1,,7,1,0.12025036587045974,-0.8417525610932183,False
4.15,,1,7,0.8435499974799691,-0.12050714249713845,True
4.15,,2,6,0.7230428551750111,-0.24101428505833705,True
4.15,,3,5,0.6025357126229994,-0.3615214275737997,False
4.15,,4,4,0.4820285700870872,-0.4820285700870872,False
4.15,,5,3,0.3615214275633432,-0.6025357126055718,False
4.15,,6,2,0.2410142850422282,-0.7230428551266845,False
4.15,,7,1,0.12050714252111408,-0.8435499976477984,False
4.2,,1,7,0.8452433388234859,-0.12074904840335512,True
4.2,,2,6,0.7244942905274239,-0.24149809684247464,True
4.2,,3,5,0.6037452420900149,-0.3622471452540089,False
4.2,,4,4,0.4829961936640416,-0.4829961936640416,False
4.2,,5,3,0.3622471452467183,-0.6037452420778637,False
4.2,,6,2,0.2414980968311448,-0.7244942904934344,False
4.2,,7,1,0.12074904841557232,-0.8452433389090063,False
4.25,,1,7,0.8468392515208443,-0.12097703593154918,True
4.25,,2,6,0.7258622156507324,-0.24195407188357745,True
4.25,,3,5,0.6048851796974748,-0.3629311078184849,False
4.25,,4,4,0.4839081437523558,-0.4839081437523558,False
4.25,,5,3,0.3629311078133925,-0.6048851796889874,False
4.25,,6,2,0.24195407187559406,-0.725862215626782,False
4.25,,7,1,0.1209770359377969,-0.8468392515645783,False
4.300000000000002,,1,7,0.8483439155198179,-0.12119198793140255,True
4.300000000000002,,2,6,0.7271519276245617,-0.2423839758748539,True
4.300000000000002,,3,5,0.6059599396789868,-0.363575963807392,False
4.300000000000002,,4,4,0.4847679517392151,-0.4847679517392151,False
4.300000000000002,,5,3,0.3635759638038288,-0.6059599396730481,False
4.300000000000002,,6,2,0.24238397586921795,-0.7271519276076538,False
4.300000000000002,,7,1,0.12119198793195075,-0.8483439155236554,False
4.35,,1,7,0.8497630652707066,-0.12139472361010095,True
4.35,,2,6,0.7283683416824711,-0.2427894472274904,True
4.35,,3,5,0.6069736180629273,-0.3641841708377564,False
4.35,,4,4,0.4855788944475292,-0.4855788944475292,False
4.35,,5,3,0.3641841708352591,-0.6069736180587652,False
4.35,,6,2,0.2427894472235044,-0.7283683416705131,False
4.35,,7,1,0.12139472360997297,-0.8497630652698108,False
4.4,,1,7,0.8511020269320114,-0.1215860038474302,True
4.4,,2,6,0.7295160230981736,-0.2431720076993912,True
4.4,,3,5,0.6079300192443442,-0.3647580115466065,False
4.4,,4,4,0.4863440153934818,-0.4863440153934818,False
4.4,,5,3,0.3647580115448533,-0.6079300192414222,False
4.4,,6,2,0.24317200769656694,-0.729516023089701,False
4.4,,7,1,0.12158600384709285,-0.85110202692965,False
4.45,,1,7,0.8523657519648886,-0.12176653599498408,True
4.45,,2,6,0.7305992159785729,-0.2435330719928576,True
4.45,,3,5,0.6088326799791919,-0.3652996079875152,False
4.45,,4,4,0.4870661439819385,-0.4870661439819385,False
4.45,,5,3,0.3652996079862827,-0.6088326799771379,False
4.45,,6,2,0.2435330719908528,-0.7305992159725584,False
4.45,,7,1,0.1217665359946298,-0.8523657519624086,False
4.5,,1,7,0.8535588475207039,-0.12193697821724342,True
4.5,,2,6,0.7316218693091174,-0.2438739564363725,True
4.5,,3,5,0.6096848910888192,-0.3658109346532916,False
4.5,,4,4,0.4877479128700496,-0.4877479128700496,False
4.5,,5,3,0.365810934652424,-0.6096848910873733,False
4.5,,6,2,0.24387395643494675,-0.7316218693048402,False
4.5,,7,1,0.12193697821694045,-0.8535588475185831,False
4.550000000000002,,1,7,0.8546856039742182,-0.1220979434248883,True
4.550000000000002,,2,6,0.7325876605530961,-0.244195886851032,True
4.550000000000002,,3,5,0.6104897171260666,-0.3662938302756399,False
4.550000000000002,,4,4,0.4883917737001372,-0.4883917737001372,False
4.550000000000002,,5,3,0.3662938302750282,-0.6104897171250471,False
4.550000000000002,,6,2,0.24419588685001614,-0.7325876605500486,False
4.550000000000002,,7,1,0.1220979434246516,-0.8546856039725612,False
4.6,,1,7,0.8557500199107297,-0.12225000284438994,True
4.6,,2,6,0.7335000170688901,-0.24450000568962998,True
4.6,,3,5,0.6112500142229886,-0.3667500085337932,False
4.6,,4,4,0.4890000113778804,-0.4890000113778804,False
4.6,,5,3,0.3667500085333614,-0.6112500142222691,False
4.6,,6,2,0.2445000056889049,-0.7335000170667147,False
4.6,,7,1,0.122250002844214,-0.8557500199094981,False
4.65,,1,7,0.8567558248376136,-0.12239368926251624,True
4.65,,2,6,0.7343621355768484,-0.2447873785256161,True
4.65,,3,5,0.611968446313259,-0.3671810677879554,False
4.65,,4,4,0.4895747570502428,-0.4895747570502428,False
4.65,,5,3,0.3671810677876506,-0.6119684463127509,False
4.65,,6,2,0.2447873785250976,-0.7343621355752928,False
4.65,,7,1,0.12239368926238928,-0.8567558248367249,False
4.7,,1,7,0.8577064998580443,-0.1225294999797206,True
4.7,,2,6,0.7351769998795395,-0.2450589999598465,True
4.7,,3,5,0.6126474998990534,-0.3675884999394321,False
4.7,,4,4,0.4901179999189822,-0.4901179999189822,False
4.7,,5,3,0.3675884999392165,-0.6126474998986942,False
4.7,,6,2,0.2450589999594749,-0.7351769998784249,False
4.7,,7,1,0.12252949997963075,-0.8577064998574154,False
4.75,,1,7,0.8586052965165096,-0.1226578995023585,True
4.75,,2,6,0.735947397015003,-0.245315799005001,True
4.75,,3,5,0.6132894975120965,-0.36797369850725786,False
4.75,,4,4,0.4906315980094904,-0.4906315980094904,False
4.75,,5,3,0.3679736985071053,-0.6132894975118421,False
4.75,,6,2,0.24531579900473424,-0.7359473970142028,False
4.75,,7,1,0.12265789950229572,-0.8586052965160699,False
4.800000000000002,,1,7,0.8594552540012661,-0.12277932200018085,True
4.800000000000002,,2,6,0.7366759320016866,-0.2455586440005622,False
4.800000000000002,,3,5,0.6138966100011118,-0.3683379660006671,False
4.800000000000002,,4,4,0.4911172880007556,-0.4911172880007556,False
4.800000000000002,,5,3,0.3683379660005591,-0.6138966100009319,False
4.800000000000002,,6,2,0.24555864400037025,-0.7366759320011108,False
4.800000000000002,,7,1,0.12277932200013733,-0.8594552540009612,False
4.85,,1,7,0.8602592148676491,-0.12289417355252133,True
4.85,,2,6,0.7373650413155548,-0.2457883471051849,False
4.85,,3,5,0.6144708677627498,-0.3686825206576499,False
4.85,,4,4,0.4915766942101037,-0.4915766942101037,False
4.85,,5,3,0.3686825206575733,-0.614470867762622,False
4.85,,6,2,0.24578834711038275,-0.7373650413311483,False
4.85,,7,1,0.12289417355249127,-0.8602592148674392,False
4.9,,1,7,0.8610198394276357,-0.12300283420394795,True
4.9,,2,6,0.7380170052239922,-0.2460056684079974,False
4.9,,3,5,0.6150141710198392,-0.3690085026119036,False
4.9,,4,4,0.4920113368158021,-0.4920113368158021,False
4.9,,5,3,0.3690085026118493,-0.6150141710197488,False
4.9,,6,2,0.246005668412125,-0.7380170052363749,False
4.9,,7,1,0.12300283420392726,-0.8610198394274907,False
4.95,,1,7,0.8617396189348834,-0.12310565984784047,True
4.95,,2,6,0.7386339590872611,-0.2462113196957537,False
4.95,,3,5,0.615528299239272,-0.3693169795435632,False
4.95,,4,4,0.4924226393913677,-0.4924226393913677,False
4.95,,5,3,0.3693169795435247,-0.6155282992392077,False
4.95,,6,2,0.2462113196990281,-0.7386339590970845,False
4.95,,7,1,0.12310565984782622,-0.8617396189347835,False
5.0,,1,7,0.8624208876803209,-0.12320298395433155,True
5.0,,2,6,0.7392179037261459,-0.24640596790871536,False
5.0,,3,5,0.6160149197717066,-0.369608951863024,False
5.0,,4,4,0.492811935817329,-0.492811935817329,False
5.0,,5,3,0.36960895186299664,-0.616014919771661,False
5.0,,6,2,0.24640596791131056,-0.7392179037339317,False
5.0,,7,1,0.12320298395432165,-0.8624208876802515,False
5.050000000000002,,1,7,0.8630658341009254,-0.12329511915727505,True
5.050000000000002,,2,6,0.7397707149437629,-0.2465902383145877,False
5.050000000000002,,3,5,0.6164755957864094,-0.3698853574718456,False
5.050000000000002,,4,4,0.4931804766291014,-0.4931804766291014,False
5.050000000000002,,5,3,0.3698853574718263,-0.6164755957863772,False
5.050000000000002,,6,2,0.2465902383166429,-0.7397707149499287,False
5.050000000000002,,7,1,0.1232951191572681,-0.8630658341008767,False
5.1,,1,7,0.8636765109934132,-0.12338235871334473,True
5.1,,2,6,0.7402941522801499,-0.24676471742671666,False
5.1,,3,5,0.6169117935667479,-0.3701470761400487,False
5.1,,4,4,0.4935294348533791,-0.4935294348533791,False
5.1,,5,3,0.3701470761400348,-0.6169117935667247,False
5.1,,6,2,0.2467647174283428,-0.7402941522850284,False
5.1,,7,1,0.12338235871333986,-0.8636765109933788,False
5.15,,1,7,0.8642548449149371,-0.123464977844991,True
5.15,,2,6,0.7407898670700047,-0.2469299556900016,False
5.15,,3,5,0.6173248892249719,-0.3703949335349831,False
5.15,,4,4,0.4938599113799635,-0.4938599113799635,False
5.15,,5,3,0.3703949335349732,-0.6173248892249554,False
5.15,,6,2,0.24692995569128734,-0.7407898670738621,False
5.15,,7,1,0.12346497784498743,-0.864254844914912,False
5.2,,1,7,0.8648026448443852,-0.12354323497776933,True
5.2,,2,6,0.7412594098666583,-0.24708646995555275,False
5.2,,3,5,0.6177161748888583,-0.370629704933315,False
5.2,,4,4,0.4941729399110763,-0.4941729399110763,False
5.2,,5,3,0.3706297049333078,-0.6177161748888463,False
5.2,,6,2,0.24708646995656866,-0.7412594098697058,False
5.2,,7,1,0.12354323497776665,-0.8648026448443665,False
5.25,,1,7,0.8653216101703709,-0.12361737288148154,True
5.25,,2,6,0.7417042372889201,-0.24723474576297336,False
5.25,,3,5,0.618086864407416,-0.3708521186444496,False
5.25,,4,4,0.494469491525925,-0.494469491525925,False
5.25,,5,3,0.3708521186444444,-0.6180868644074072,False
5.25,,6,2,0.2472347457637755,-0.7417042372913265,False
5.25,,7,1,0.12361737288147955,-0.8653216101703567,False
5.300000000000002,,1,7,0.8658133380653328,-0.12368761972361896,True
5.300000000000002,,2,6,0.7421257183417359,-0.2473752394472453,False
5.300000000000002,,3,5,0.6184380986181003,-0.3710628591708602,False
5.300000000000002,,4,4,0.4947504788944745,-0.4947504788944745,False
5.300000000000002,,5,3,0.3710628591708564,-0.6184380986180941,False
5.300000000000002,,6,2,0.24737523944787815,-0.7421257183436346,False
5.300000000000002,,7,1,0.12368761972361733,-0.8658133380653211,False
5.35,,1,7,0.8662793302992601,-0.12375419004275146,True
5.35,,2,6,0.7425251402565244,-0.2475083800855081,False
5.35,,3,5,0.6187709502137606,-0.3712625701282564,False
5.35,,4,4,0.4950167601710042,-0.4950167601710042,False
5.35,,5,3,0.3712625701282536,-0.6187709502137559,False
5.35,,6,2,0.2475083800860072,-0.7425251402580215,False
5.35,,7,1,0.12375419004275008,-0.8662793302992504,False
5.4,,1,7,0.8667209995413078,-0.12381728564875825,True
5.4,,2,6,0.7429037138925612,-0.2476345712975204,False
5.4,,3,5,0.6190864282437938,-0.3714518569462762,False
5.4,,4,4,0.4952691425950316,-0.4952691425950316,False
5.4,,5,3,0.371451856946274,-0.61908642824379,False
5.4,,6,2,0.24763457129791366,-0.7429037138937409,False
5.4,,7,1,0.1238172856487571,-0.8667209995412998,False
5.45,,1,7,0.8671396751928788,-0.12387709645612555,True
5.45,,2,6,0.7432625787367613,-0.24775419291225376,False
5.45,,3,5,0.6193854822806291,-0.3716312893683774,False
5.45,,4,4,0.4955083858245006,-0.4955083858245006,False
5.45,,5,3,0.3716312893683757,-0.6193854822806261,False
5.45,,6,2,0.2477541929125635,-0.7432625787376905,False
5.45,,7,1,0.1238770964561245,-0.8671396751928715,False
5.5,,1,7,0.867536608791578,-0.1239338012559397,True
5.5,,2,6,0.743602807535644,-0.2478676025118813,False
5.5,,3,5,0.6196690062796991,-0.3718014037678195,False
5.5,,4,4,0.4957352050237573,-0.4957352050237573,False
5.5,,5,3,0.37180140376781823,-0.6196690062796969,False
5.5,,6,2,0.2478676025121251,-0.7436028075363753,False
5.5,,7,1,0.12393380125593875,-0.8675366087915714,False
5.550000000000002,,1,7,0.8679129790217254,-0.12398756843167505,True
5.550000000000002,,2,6,0.7439254105900542,-0.24797513686335146,False
5.550000000000002,,3,5,0.6199378421583754,-0.3719627052950253,False
5.550000000000002,,4,4,0.4959502737266986,-0.4959502737266986,False
5.550000000000002,,5,3,0.3719627052950241,-0.6199378421583734,False
5.550000000000002,,6,2,0.24797513686354314,-0.7439254105906294,False
5.550000000000002,,7,1,0.12398756843167415,-0.8679129790217192,False
5.6,,1,7,0.8682698963637628,-0.1240385566233947,True
5.6,,2,6,0.7442313397403709,-0.24807711324679035,False
5.6,,3,5,0.6201927831169732,-0.3721156698701839,False
5.6,,4,4,0.4961542264935772,-0.4961542264935772,False
5.6,,5,3,0.3721156698701829,-0.6201927831169715,False
5.6,,6,2,0.24807711324694096,-0.7442313397408229,False
5.6,,7,1,0.12403855662339384,-0.8682698963637571,False
5.65,,1,7,0.8686084074135684,-0.12408691534479545,True
5.65,,2,6,0.7445214920673596,-0.2481738306891199,False
5.65,,3,5,0.6204345767227977,-0.3722607460336786,False
5.65,,4,4,0.4963476613782371,-0.4963476613782371,False
5.65,,5,3,0.3722607460336777,-0.6204345767227961,False
5.65,,6,2,0.24817383068923815,-0.7445214920677145,False
5.65,,7,1,0.12408691534455885,-0.8686084074119118,False
5.7,,1,7,0.8689294988879195,-0.12413278555541706,True
5.7,,2,6,0.7447967133315359,-0.24826557111051198,False
5.7,,3,5,0.6206639277762782,-0.37239835666576704,False
5.7,,4,4,0.4965311422210216,-0.4965311422210216,False
5.7,,5,3,0.37239835666576615,-0.620663927776277,False
5.7,,6,2,0.2482655711106048,-0.7447967133318144,False
5.7,,7,1,0.124132785555255,-0.8689294988867851,False
5.75,,1,7,0.8692341013679168,-0.12417630019541667,True
5.75,,2,6,0.7450578011718381,-0.2483526003906127,False
5.75,,3,5,0.6208815009765303,-0.3725289005859182,False
5.75,,4,4,0.4967052007812233,-0.4967052007812233,False
5.75,,5,3,0.3725289005859173,-0.6208815009765288,False
5.75,,6,2,0.2483526003906854,-0.7450578011720562,False
5.75,,7,1,0.1241763001953054,-0.8692341013671379,False
5.800000000000002,,1,7,0.869523092763507,-0.124217584680501,True
5.800000000000002,,2,6,0.7453055080825516,-0.24843516936085056,False
5.800000000000002,,3,5,0.6210879234021253,-0.3726527540412752,False
5.800000000000002,,4,4,0.4968703387216994,-0.4968703387216994,False
5.800000000000002,,5,3,0.3726527540412744,-0.6210879234021239,False
5.800000000000002,,6,2,0.24843516936090754,-0.7453055080827227,False
5.800000000000002,,7,1,0.12421758468042447,-0.8695230927629714,False
5.85,,1,7,0.8697973015504173,-0.12425675736434535,True
5.85,,2,6,0.7455405441857594,-0.2485135147285865,False
5.85,,3,5,0.6212837868214651,-0.3727702720928791,False
5.85,,4,4,0.4970270294571713,-0.4970270294571713,False
5.85,,5,3,0.3727702720928783,-0.6212837868214638,False
5.85,,6,2,0.248513514728631,-0.745540544185893,False
5.85,,7,1,0.12425675736429245,-0.8697973015500471,False
5.9,,1,7,0.8700575097845025,-0.12429392996921462,True
5.9,,2,6,0.7457635798150724,-0.2485878599383575,False
5.9,,3,5,0.6214696498458927,-0.3728817899075357,False
5.9,,4,4,0.4971757199124495,-0.4971757199124495,False
5.9,,5,3,0.3728817899075349,-0.6214696498458915,False
5.9,,6,2,0.24858785993839225,-0.7457635798151766,False
5.9,,7,1,0.12429392996917801,-0.8700575097842459,False
5.95,,1,7,0.8703044559127312,-0.12432920798753305,True
5.95,,2,6,0.7459752479250499,-0.24865841597501656,False
5.95,,3,5,0.6216460399375405,-0.3729876239625243,False
5.95,,4,4,0.4973168319786136,-0.4973168319786136,False
5.95,,5,3,0.3729876239625235,-0.6216460399375392,False
5.95,,6,2,0.2486584159750437,-0.745975247925131,False
5.95,,7,1,0.12432920798750755,-0.8703044559125528,False
6.0,,1,7,0.8705388373961687,-0.12436269105659553,True
6.0,,2,6,0.7461761463394704,-0.24872538211315684,False
6.0,,3,5,0.6218134552828912,-0.3730880731697347,False
6.0,,4,4,0.4974507642491721,-0.4974507642491721,False
6.0,,5,3,0.373088073169734,-0.62181345528289,False
6.0,,6,2,0.24872538211317785,-0.7461761463395336,False
6.0,,7,1,0.12436269105657773,-0.8705388373960441,False
6.05,,1,7,0.8707613131590195,-0.12439447330843136,True
6.05,,2,6,0.7463668398505168,-0.2487889466168389,False
6.05,,3,5,0.6219723665420966,-0.3731834199252579,False
6.05,,4,4,0.4975778932519597,-0.4975778932519597,False
6.05,,5,3,0.3731834199252572,-0.6219723665420953,False
6.05,,6,2,0.2487889466168552,-0.7463668398505655,False
6.05,,7,1,0.1243944733084188,-0.8707613131589316,False
6.1000000000000005,,1,7,0.8709725058766203,-0.12442464369666005,True
6.1000000000000005,,2,6,0.7465478621799105,-0.24884928739330356,False
6.1000000000000005,,3,5,0.6221232184832581,-0.3732739310899549,False
6.1000000000000005,,4,4,0.4976985748012283,-0.4976985748012283,False
6.1000000000000005,,5,3,0.3732739310899541,-0.6221232184832569,False
6.1000000000000005,,6,2,0.2488492873933161,-0.7465478621799483,False
6.1000000000000005,,7,1,0.12442464369665113,-0.8709725058765577,False
6.15,,1,7,0.8711730041142001,-0.12445328630202855,True
6.15,,2,6,0.7467197178121372,-0.24890657260404564,False
6.15,,3,5,0.6222664315101134,-0.373359858906068,False
6.15,,4,4,0.4978131452197845,-0.4978131452197845,False
6.15,,5,3,0.3733598589060673,-0.6222664315101122,False
6.15,,6,2,0.2489065726040553,-0.7467197178121658,False
6.15,,7,1,0.12445328630202215,-0.8711730041141551,False
6.2,,1,7,0.8713633643272549,-0.12448048061817925,True
6.2,,2,6,0.7468828837090514,-0.2489609612363505,False
6.2,,3,5,0.6224024031946073,-0.3734414419167644,False
6.2,,4,4,0.4979219224820524,-0.4979219224820524,False
6.2,,5,3,0.3734414418545245,-0.6224024030908742,False
6.2,,6,2,0.24896096123635775,-0.7468828837090734,False
6.2,,7,1,0.12448048061958328,-0.8713633643370831,False
6.25,,1,7,0.8715441127335062,-0.12450630181907232,True
6.25,,2,6,0.7470378110924197,-0.24901260369747324,False
6.25,,3,5,0.6225315091824568,-0.3735189055094741,False
6.25,,4,4,0.4980252072837562,-0.4980252072837562,False
6.25,,5,3,0.3735189054572072,-0.6225315090953454,False
6.25,,6,2,0.24901260363814445,-0.7470378109144333,False
6.25,,7,1,0.12450630182016488,-0.8715441127411542,False
6.3,,1,7,0.8717157470656077,-0.12453082100937253,True
6.3,,2,6,0.7471849262064413,-0.24906164206881376,False
6.3,,3,5,0.6226541051200489,-0.37359246307202937,False
6.3,,4,4,0.4981232840434622,-0.4981232840434622,False
6.3,,5,3,0.3735924630281105,-0.6226541050468508,False
6.3,,6,2,0.24906164201874514,-0.7471849260562354,False
6.3,,7,1,0.12453082101022273,-0.8717157470715589,False
6.3500000000000005,,1,7,0.8718787382130383,-0.12455410545900546,True
6.3500000000000005,,2,6,0.7473246328808654,-0.24910821096028846,False
6.3500000000000005,,3,5,0.6227705273565626,-0.3736623164139375,False
6.3500000000000005,,4,4,0.4982164218407979,-0.4982164218407979,False
6.3500000000000005,,5,3,0.37366231637701103,-0.6227705272950183,False
6.3500000000000005,,6,2,0.24910821091801094,-0.7473246327540329,False
6.3500000000000005,,7,1,0.12455410545966697,-0.8718787382176691,False
6.4,,1,7,0.8720335317609461,-0.12457621882299233,True
6.4,,2,6,0.7474573130451081,-0.2491524376817027,False
6.4,,3,5,0.622881094166731,-0.3737286565000386,False
6.4,,4,4,0.4983048752957884,-0.4983048752957884,False
6.4,,5,3,0.3737286564689726,-0.6228810941149543,False
6.4,,6,2,0.2491524376459845,-0.7474573129379537,False
6.4,,7,1,0.12457621882350703,-0.8720335317645491,False
6.45,,1,7,0.8721805494331123,-0.12459722134758745,True
6.45,,2,6,0.7475833281761024,-0.2491944427253675,False
6.45,,3,5,0.6229861067815166,-0.37379166406891,False
6.45,,4,4,0.4983888853934038,-0.4983888853934038,False
6.45,,5,3,0.37379166404275904,-0.6229861067379316,False
6.45,,6,2,0.2491944426951749,-0.7475833280855246,False
6.45,,7,1,0.12459722134798795,-0.8721805494359156,False
6.5,,1,7,0.872320190445638,-0.1246171700636626,True
6.5,,2,6,0.7477030204585806,-0.24923434015286025,False
6.5,,3,5,0.6230858503550185,-0.3738515102130111,False
6.5,,4,4,0.498468680257092,-0.498468680257092,False
6.5,,5,3,0.3738515101909848,-0.623085850318308,False
6.5,,6,2,0.2492343401273249,-0.7477030203819747,False
6.5,,7,1,0.12461717006397413,-0.8723201904478189,False
6.55,,1,7,0.8724528327774552,-0.12463611896820788,True
6.55,,2,6,0.7478167138740685,-0.24927223795802286,False
6.55,,3,5,0.6231805948719729,-0.37390835692318375,False
6.55,,4,4,0.4985444758747835,-0.4985444758747835,False
6.55,,5,3,0.3739083569046212,-0.6231805948410354,False
6.55,,6,2,0.2492722379364154,-0.7478167138092461,False
6.55,,7,1,0.12463611896845025,-0.8724528327791515,False
6.6000000000000005,,1,7,0.872578834363301,-0.12465411919475727,True
6.6000000000000005,,2,6,0.7479247152234214,-0.24930823840780714,False
6.6000000000000005,,3,5,0.6232705959998701,-0.3739623575999221,False
6.6000000000000005,,4,4,0.4986164767805895,-0.4986164767805895,False
6.6000000000000005,,5,3,0.3739623575842697,-0.6232705959737829,False
6.6000000000000005,,6,2,0.24930823838951405,-0.7479247151685421,False
6.6000000000000005,,7,1,0.12465411919494578,-0.8725788343646204,False
6.65,,1,7,0.8726985342143659,-0.12467121917348085,True
6.65,,2,6,0.7480273150873672,-0.2493424383624557,False
6.65,,3,5,0.6233560958894105,-0.3740136575336463,False
6.65,,4,4,0.4986848766951705,-0.4986848766951705,False
6.65,,5,3,0.3740136575532708,-0.6233560959221179,False
6.65,,6,2,0.2493424383469611,-0.7480273150408832,False
6.65,,7,1,0.12467121917362743,-0.8726985342153919,False
6.7,,1,7,0.8728122534714385,-0.12468746478163407,True
6.7,,2,6,0.7481247887291941,-0.249374929576398,False
6.7,,3,5,0.6234373239267463,-0.3740623943560478,False
6.7,,4,4,0.498749859127533,-0.498749859127533,False
6.7,,5,3,0.3740623943735008,-0.6234373239558347,False
6.7,,6,2,0.24937492956326746,-0.7481247886898021,False
6.7,,7,1,0.124687464781748,-0.8728122534722359,False
6.75,,1,7,0.8729202963950112,-0.1247028994850016,True
6.75,,2,6,0.7482173969434047,-0.2494057989811349,False
6.75,,3,5,0.6235144974406966,-0.374108698464418,False
6.75,,4,4,0.4988115979408027,-0.4988115979408027,False
6.75,,5,3,0.3741086984799069,-0.6235144974665116,False
6.75,,6,2,0.24940579897000234,-0.7482173969100071,False
6.75,,7,1,0.12470289948509013,-0.8729202963956307,False
6.800000000000002,,1,7,0.8730229512964895,-0.12471756447092705,True
6.800000000000002,,2,6,0.7483053868538883,-0.2494351289512961,False
6.800000000000002,,3,5,0.6235878223678925,-0.3741526934207355,False
6.800000000000002,,4,4,0.4988702578843445,-0.4988702578843445,False
6.800000000000002,,5,3,0.3741526934344547,-0.6235878223907578,False
6.800000000000002,,6,2,0.2494351289418532,-0.7483053868255598,False
6.800000000000002,,7,1,0.12471756447099586,-0.8730229512969707,False
6.8500000000000005,,1,7,0.873120491414337,-0.12473149877347672,True
6.8500000000000005,,2,6,0.7483889926648967,-0.24946299755496554,False
6.8500000000000005,,3,5,0.6236574938785915,-0.3741944963271549,False
6.8500000000000005,,4,4,0.4989259950944149,-0.4989259950944149,False
6.8500000000000005,,5,3,0.3741944963392851,-0.6236574938988085,False
6.8500000000000005,,6,2,0.24946299754695234,-0.7483889926408571,False
6.8500000000000005,,7,1,0.12473149877353006,-0.8731204914147102,False
6.9,,1,7,0.8732131757387158,-0.12474473939124513,True
6.9,,2,6,0.7484684363678767,-0.24948947878929226,False
6.9,,3,5,0.6237236969657061,-0.3742342181794236,False
6.9,,4,4,0.4989789575653863,-0.4989789575653863,False
6.9,,5,3,0.37423421819013175,-0.6237236969835529,False
6.9,,6,2,0.24948947878248925,-0.7484684363474677,False
6.9,,7,1,0.12474473939128652,-0.8732131757390055,False
6.95,,1,7,0.8733012497879358,-0.12475732139827655,True
6.95,,2,6,0.7485439284069902,-0.2495146428023301,False
6.95,,3,5,0.6237866069994058,-0.3742719641996434,False
6.95,,4,4,0.4990292855934302,-0.4990292855934302,False
6.95,,5,3,0.3742719642090823,-0.6237866070151372,False
6.95,,6,2,0.249514642796552,-0.7485439283896561,False
6.95,,7,1,0.12475732139830854,-0.8733012497881599,False
7.0,,1,7,0.8733849463397705,-0.12476927804853866,True
7.0,,2,6,0.7486156683059576,-0.2495385561019858,False
7.0,,3,5,0.623846390249486,-0.3743078341496916,False
7.0,,4,4,0.4990771121944131,-0.4990771121944131,False
7.0,,5,3,0.3743078341580002,-0.6238463902633336,False
7.0,,6,2,0.24953855609707615,-0.7486156682912286,False
7.0,,7,1,0.12476927804856346,-0.8733849463399441,False
7.050000000000002,,1,7,0.8734644861205062,-0.12478064087435806,True
7.050000000000002,,2,6,0.748683845258665,-0.24956128175288836,False
7.050000000000002,,3,5,0.6239032043775442,-0.3743419226265265,False
7.050000000000002,,4,4,0.4991225634976385,-0.4991225634976385,False
7.050000000000002,,5,3,0.37434192263383104,-0.6239032043897184,False
7.050000000000002,,6,2,0.2495612817487149,-0.7486838452461447,False
7.050000000000002,,7,1,0.12478064087437718,-0.8734644861206402,False
7.1000000000000005,,1,7,0.8735400784543738,-0.12479143977919625,True
7.1000000000000005,,2,6,0.7487486386858211,-0.24958287956194036,False
7.1000000000000005,,3,5,0.6239571989008573,-0.3743743193405144,False
7.1000000000000005,,4,4,0.4991657591169494,-0.4991657591169494,False
7.1000000000000005,,5,3,0.3743743193469289,-0.6239571989115482,False
7.1000000000000005,,6,2,0.2495828795583913,-0.7487486386751738,False
7.1000000000000005,,7,1,0.12479143977921095,-0.8735400784544767,False
7.15,,1,7,0.8736119218758353,-0.12480170312511933,True
7.15,,2,6,0.7488102187597696,-0.2496034062532565,False
7.15,,3,5,0.6240085156297305,-0.3744051093778382,False
7.15,,4,4,0.4992068125006081,-0.4992068125006081,False
7.15,,5,3,0.37440510938346505,-0.6240085156391083,False
7.15,,6,2,0.2496034062502374,-0.7488102187507122,False
7.15,,7,1,0.1248017031251306,-0.8736119218759141,False
7.2,,1,7,0.8736802047070279,-0.1248114578152897,True
7.2,,2,6,0.7488687468994428,-0.2496229156331476,False
7.2,,3,5,0.6240572890799547,-0.3744343734479728,False
7.2,,4,4,0.499245831261263,-0.499245831261263,False
7.2,,5,3,0.3744343734529037,-0.6240572890881727,False
7.2,,6,2,0.2496229156305781,-0.7488687468917344,False
7.2,,7,1,0.12481145781529833,-0.8736802047070882,False
7.25,,1,7,0.8737451056025124,-0.1248207293717875,True
7.25,,2,6,0.7489243762372839,-0.2496414587457613,False
7.25,,3,5,0.624103646861913,-0.37446218811714777,False
7.25,,4,4,0.49928291748723297,-0.49928291748723297,False
7.25,,5,3,0.3744621881214646,-0.6241036468691077,False
7.25,,6,2,0.2496414587435737,-0.7489243762307214,False
7.25,,7,1,0.12482072937179405,-0.8737451056025582,False
7.300000000000002,,1,7,0.8738067940633205,-0.12482954200904575,True
7.300000000000002,,2,6,0.7489772520598603,-0.2496590840199535,False
7.300000000000002,,3,5,0.6241477100477546,-0.3744886260286528,False
7.300000000000002,,4,4,0.4993181680362492,-0.4993181680362492,False
7.300000000000002,,5,3,0.37448862603242894,-0.6241477100540483,False
7.300000000000002,,6,2,0.24965908401809034,-0.7489772520542709,False
7.300000000000002,,7,1,0.1248295420090507,-0.8738067940633548,False
7.35,,1,7,0.8738654309221706,-0.1248379187031672,True
7.35,,2,6,0.7490275122237614,-0.2496758374079205,False
7.35,,3,5,0.624189593517981,-0.3745137561107886,False
7.35,,4,4,0.4993516748127212,-0.4993516748127212,False
7.35,,5,3,0.374513756114089,-0.6241895935234817,False
7.35,,6,2,0.2496758374063331,-0.7490275122189994,False
7.35,,7,1,0.12483791870317085,-0.8738654309221962,False
7.4,,1,7,0.8739211688015923,-0.12484588125737033,True
7.4,,2,6,0.7490752875482769,-0.2496917625160923,False
7.4,,3,5,0.624229406288674,-0.3745376437732044,False
7.4,,4,4,0.4993835250295228,-0.4993835250295228,False
7.4,,5,3,0.3745376437760868,-0.624229406293478,False
7.4,,6,2,0.2496917625147394,-0.7490752875442181,False
7.4,,7,1,0.12484588125737305,-0.8739211688016113,False
7.45,,1,7,0.8739741525465878,-0.12485345036379825,True
7.45,,2,6,0.7491207021862462,-0.2497069007287487,False
7.45,,3,5,0.6242672518205401,-0.3745603510923241,False
7.45,,4,4,0.4994138014552259,-0.4994138014552259,False
7.45,,5,3,0.3745603510948397,-0.6242672518247327,False
7.45,,6,2,0.24970690072759524,-0.7491207021827857,False
7.45,,7,1,0.1248534503638002,-0.8739741525466014,False
7.5,,1,7,0.8740245196333438,-0.12486064566190627,True
7.5,,2,6,0.749163873974385,-0.249721291324795,False
7.5,,3,5,0.6243032283108481,-0.3745819369865088,False
7.5,,4,4,0.4994425826476509,-0.4994425826476509,False
7.5,,5,3,0.3745819369887029,-0.6243032283145048,False
7.5,,6,2,0.2497212913238113,-0.7491638739714338,False
7.5,,7,1,0.1248606456619076,-0.8740245196333531,False
7.550000000000002,,1,7,0.8740724005554201,-0.12486748579363145,True
7.550000000000002,,2,6,0.7492049147643027,-0.2497349715881009,False
7.550000000000002,,3,5,0.6243374289692771,-0.3746024573815663,False
7.550000000000002,,4,4,0.4994699431745461,-0.4994699431745461,False
7.550000000000002,,5,3,0.3746024573834785,-0.6243374289724641,False
7.550000000000002,,6,2,0.24973497158726166,-0.7492049147617849,False
7.550000000000002,,7,1,0.12486748579363233,-0.8740724005554262,False
7.6,,1,7,0.874117919188741,-0.12487398845553442,True
7.6,,2,6,0.7492439307353517,-0.24974797691178385,False
7.6,,3,5,0.624369942278625,-0.37462196536717496,False
7.6,,4,4,0.4994959538221537,-0.4994959538221537,False
7.6,,5,3,0.3746219653688406,-0.624369942281401,False
7.6,,6,2,0.24974797693797984,-0.7492439308139396,False
7.6,,7,1,0.12487398845553492,-0.8741179191887445,False
7.65,,1,7,0.8741611931366314,-0.12488017044809023,True
7.65,,2,6,0.7492810226903718,-0.2497603408967906,False
7.65,,3,5,0.6244008522412619,-0.37464051134475707,False
7.65,,4,4,0.4995206817923733,-0.4995206817923733,False
7.65,,5,3,0.3746405113462071,-0.6244008522436786,False
7.65,,6,2,0.2497603409193695,-0.7492810227581086,False
7.65,,7,1,0.12488017044809045,-0.8741611931366331,False
7.7,,1,7,0.8742023340560641,-0.12488604772229485,True
7.7,,2,6,0.7493162863353319,-0.2497720954451106,False
7.7,,3,5,0.6244302386121645,-0.3746581431672987,False
7.7,,4,4,0.499544190889189,-0.499544190889189,False
7.7,,5,3,0.3746581431685605,-0.6244302386142674,False
7.7,,6,2,0.24977209546457085,-0.7493162863937126,False
7.7,,7,1,0.12488604772229482,-0.8742023340560638,False
7.75,,1,7,0.8742414479662042,-0.12489163542374344,True
7.75,,2,6,0.7493498125437951,-0.24978327084793164,False
7.75,,3,5,0.6244581771193048,-0.37467490627158295,False
7.75,,4,4,0.499566541694981,-0.499566541694981,False
7.75,,5,3,0.3746749062726802,-0.6244581771211337,False
7.75,,6,2,0.2497832708647033,-0.7493498125941099,False
7.75,,7,1,0.12489163542374325,-0.8742414479662027,False
7.800000000000002,,1,7,0.8742786355402767,-0.12489694793432525,True
7.800000000000002,,2,6,0.7493816876070912,-0.2497938958690304,False
7.800000000000002,,3,5,0.6244847396721267,-0.3746908438032761,False
7.800000000000002,,4,4,0.4995877917373063,-0.4995877917373063,False
7.800000000000002,,5,3,0.37469084380422985,-0.6244847396737164,False
7.800000000000002,,6,2,0.24979389588348425,-0.7493816876504527,False
7.800000000000002,,7,1,0.1248969479343249,-0.8742786355402743,False
7.85,,1,7,0.8743139923817116,-0.1249019989116731,True
7.85,,2,6,0.7494119934710124,-0.24980399782367085,False
7.85,,3,5,0.6245099945587921,-0.3747059967352753,False
7.85,,4,4,0.4996079956466965,-0.4996079956466965,False
7.85,,5,3,0.374705996736104,-0.6245099945601733,False
7.85,,6,2,0.24980399783612656,-0.7494119935083797,False
7.85,,7,1,0.12490199891167272,-0.8743139923817089,False
7.9,,1,7,0.8743476092854645,-0.12490680132649495,True
7.9,,2,6,0.7494408079598017,-0.24981360265326724,False
7.9,,3,5,0.6245340066328383,-0.37472040397970297,False
7.9,,4,4,0.4996272053059826,-0.4996272053059826,False
7.9,,5,3,0.3747204039804226,-0.6245340066340378,False
7.9,,6,2,0.24981360266400074,-0.7494408079920022,False
7.9,,7,1,0.12490680132649447,-0.8743476092854613,False
7.95,,1,7,0.8743795724853557,-0.12491136749790792,True
7.95,,2,6,0.7494682049881587,-0.2498227349960529,False
7.95,,3,5,0.6245568374898496,-0.37473410249390976,False
7.95,,4,4,0.4996454699916337,-0.4996454699916337,False
7.95,,5,3,0.3747341024945345,-0.6245568374908907,False
7.95,,6,2,0.24982273500530186,-0.7494682050159055,False
7.95,,7,1,0.1249113674979074,-0.8743795724853517,False
8.0,,1,7,0.8744099638882189,-0.12491570912688844,True
8.0,,2,6,0.7494942547619385,-0.2498314182539795,False
8.0,,3,5,0.6245785456347064,-0.3747471273808239,False
8.0,,4,4,0.4996628365075549,-0.4996628365075549,False
8.0,,5,3,0.3747471273813659,-0.6245785456356098,False
8.0,,6,2,0.2498314182619488,-0.7494942547858464,False
8.0,,7,1,0.12491570912688785,-0.8744099638882149,False
8.05,,1,7,0.8744388612956048,-0.12491983732794355,True
8.05,,2,6,0.7495190239681814,-0.24983967465606044,False
8.05,,3,5,0.624599186639943,-0.3747595119839658,False
8.05,,4,4,0.4996793493117749,-0.4996793493117749,False
8.05,,5,3,0.3747595119844361,-0.6245991866407268,False
8.05,,6,2,0.2498396746629269,-0.7495190239887808,False
8.05,,7,1,0.1249198373279429,-0.8744388612956003,False
8.100000000000001,,1,7,0.8744663386137292,-0.12492376265910415,True
8.100000000000001,,2,6,0.7495425759550698,-0.24984752531835666,False
8.100000000000001,,3,5,0.6246188132957132,-0.374771287977428,False
8.100000000000001,,4,4,0.4996950506364171,-0.4996950506364171,False
8.100000000000001,,5,3,0.3747712879778356,-0.6246188132963927,False
8.100000000000001,,6,2,0.2498475253242727,-0.7495425759728181,False
8.100000000000001,,7,1,0.12492376265910354,-0.8744663386137248,False
8.15,,1,7,0.8744924660523309,-0.12492749515033301,True
8.15,,2,6,0.7495649709023784,-0.2498549903007928,False
8.15,,3,5,0.6246374757518289,-0.3747824854510974,False
8.15,,4,4,0.4997099806013319,-0.4997099806013319,False
8.15,,5,3,0.3747824854514508,-0.6246374757524181,False
8.15,,6,2,0.2498549903058899,-0.7495649709176696,False
8.15,,7,1,0.12492749515033234,-0.8744924660523264,False
8.2,,1,7,0.8745173103130485,-0.1249310443304355,True
8.2,,2,6,0.7495862659829382,-0.24986208866097945,False
8.2,,3,5,0.6246552216523173,-0.3747931329913904,False
8.2,,4,4,0.4997241773217416,-0.4997241773217416,False
8.2,,5,3,0.37479313299169664,-0.6246552216528277,False
8.2,,6,2,0.24986208866537066,-0.7495862659961119,False
8.2,,7,1,0.12493104433043482,-0.8745173103130438,False
8.25,,1,7,0.8745409347678988,-0.12493441925255698,True
8.25,,2,6,0.7496065155156203,-0.24986883850520675,False
8.25,,3,5,0.6246720962629042,-0.3748032577577425,False
8.25,,4,4,0.4997376770102273,-0.4997376770102273,False
8.25,,5,3,0.3748032577580077,-0.6246720962633461,False
8.25,,6,2,0.2498688385089897,-0.7496065155269691,False
8.25,,7,1,0.12493441925255624,-0.8745409347678937,False
8.3,,1,7,0.8745633996284035,-0.12493762851834335,True
8.3,,2,6,0.7496257711102982,-0.249875257036766,False
8.3,,3,5,0.6246881425918184,-0.37481288555509096,False
8.3,,4,4,0.4997505140733725,-0.4997505140733725,False
8.3,,5,3,0.3748128855553207,-0.6246881425922012,False
8.3,,6,2,0.2498752570400249,-0.7496257711200746,False
8.3,,7,1,0.1249376285183426,-0.8745633996283982,False
8.350000000000001,,1,7,0.8745847621058722,-0.12494068030083892,True
8.350000000000001,,2,6,0.7496440818052373,-0.2498813606017458,False
8.350000000000001,,3,5,0.6247034015042813,-0.3748220409025688,False
8.350000000000001,,4,4,0.4997627212033546,-0.4997627212033546,False
8.350000000000001,,5,3,0.37482204090276733,-0.6247034015046126,False
8.350000000000001,,6,2,0.24988136060455296,-0.7496440818136589,False
8.350000000000001,,7,1,0.12494068030083814,-0.8745847621058671,False
8.4,,1,7,0.8746050765633328,-0.1249435823661904,True
8.4,,2,6,0.7496614941973171,-0.249887164732439,False
8.4,,3,5,0.624717911831026,-0.3748307470986157,False
8.4,,4,4,0.4997743294647605,-0.4997743294647605,False
8.4,,5,3,0.3748307470987876,-0.6247179118313126,False
8.4,,6,2,0.24988716473485706,-0.7496614942045713,False
8.4,,7,1,0.12494358236618965,-0.8746050765633275,False
8.45,,1,7,0.8746243946595541,-0.12494634209422202,True
8.45,,2,6,0.7496780525654815,-0.24989268418849386,False
8.45,,3,5,0.624731710471173,-0.3748390262827038,False
8.45,,4,4,0.4997853683768869,-0.4997853683768869,False
8.45,,5,3,0.3748390262828528,-0.6247317104714212,False
8.45,,6,2,0.2498926841905767,-0.74967805257173,False
8.45,,7,1,0.12494634209422124,-0.8746243946595488,False
8.5,,1,7,0.8746427654855996,-0.1249489664979428,True
8.5,,2,6,0.7496937989877848,-0.24989793299592825,False
8.5,,3,5,0.6247448324897679,-0.3748468994938608,False
8.5,,4,4,0.4997958659917699,-0.4997958659917699,False
8.5,,5,3,0.37484689949398936,-0.6247448324899822,False
8.5,,6,2,0.24989793299772226,-0.7496937989931668,False
8.5,,7,1,0.12494896649794204,-0.8746427654855944,False
8.55,,1,7,0.8746602356943101,-0.12495146224204425,True
8.55,,2,6,0.7497087734523751,-0.24990292448412504,False
8.55,,3,5,0.6247573112102672,-0.3748543867261603,False
8.55,,4,4,0.4998058489681758,-0.4998058489681758,False
8.55,,5,3,0.37485438672627147,-0.6247573112104525,False
8.55,,6,2,0.2499029244856701,-0.7497087734570105,False
8.55,,7,1,0.12495146224204352,-0.8746602356943046,False
8.600000000000001,,1,7,0.8746768496230951,-0.12495383566044214,True
8.600000000000001,,2,6,0.7497230139627469,-0.2499076713209156,False
8.600000000000001,,3,5,0.62476917830225,-0.37486150698134996,False
8.600000000000001,,4,4,0.4998153426417674,-0.4998153426417674,False
8.600000000000001,,5,3,0.37486150698144616,-0.6247691783024102,False
8.600000000000001,,6,2,0.24990767132224634,-0.749723013966739,False
8.600000000000001,,7,1,0.12495383566044142,-0.87467684962309,False
8.65,,1,7,0.8746926494104004,-0.12495609277291432,True
8.65,,2,6,0.7497365566375662,-0.24991218554585545,False
8.65,,3,5,0.624780463864605,-0.37486827831876296,False
8.65,,4,4,0.499824371091656,-0.499824371091656,False
8.65,,5,3,0.374868278318846,-0.6247804638647434,False
8.65,,6,2,0.2499121855470015,-0.7497365566410045,False
8.65,,7,1,0.1249560927729136,-0.8746926494103952,False
8.7,,1,7,0.8747076751061769,-0.1249582393008824,True
8.7,,2,6,0.7497494358053629,-0.24991647860178764,False
8.7,,3,5,0.6247911965044403,-0.3748747179026641,False
8.7,,4,4,0.4998329572035281,-0.4998329572035281,False
8.7,,5,3,0.3748747179027359,-0.6247911965045597,False
8.7,,6,2,0.24991647860277466,-0.7497494358083241,False
8.7,,7,1,0.12495823931128575,-0.8747076751790002,False
8.75,,1,7,0.8747219647766832,-0.12496028068238332,True
8.75,,2,6,0.7497616840943586,-0.2499205613647862,False
8.75,,3,5,0.6248014034119406,-0.3748808420471644,False
8.75,,4,4,0.4998411227295318,-0.4998411227295318,False
8.75,,5,3,0.37488084204722616,-0.6248014034120436,False
8.75,,6,2,0.2499205613656361,-0.7497616840969084,False
8.75,,7,1,0.124960280691337,-0.8747219648393589,False
8.8,,1,7,0.8747355546039172,-0.12496222208627385,True
8.8,,2,6,0.7497733325176935,-0.2499244441725645,False
8.8,,3,5,0.6248111104313896,-0.37488666625883377,False
8.8,,4,4,0.4998488883450939,-0.4998488883450939,False
8.8,,5,3,0.3748866662588872,-0.6248111104314787,False
8.8,,6,2,0.2499244441732964,-0.7497733325198892,False
8.8,,7,1,0.12496222209397988,-0.8747355546578592,False
8.850000000000003,,1,7,0.8747484789799597,-0.12496406842570852,True
8.850000000000003,,2,6,0.7497844105542942,-0.24992813685143145,False
8.850000000000003,,3,5,0.62482034212856,-0.374892205277136,False
8.850000000000003,,4,4,0.4998562737028326,-0.4998562737028326,False
8.850000000000003,,5,3,0.3748922052771819,-0.6248203421286366,False
8.850000000000003,,6,2,0.2499281368520616,-0.7497844105561848,False
8.850000000000003,,7,1,0.12496406843234074,-0.8747484790263854,False
8.9,,1,7,0.8747607705965049,-0.12496582437092928,True
8.9,,2,6,0.7497949462256124,-0.2499316487418708,False
8.9,,3,5,0.6248291218546611,-0.37489747311279664,False
8.9,,4,4,0.4998632974837157,-0.4998632974837157,False
8.9,,5,3,0.3748974731128363,-0.6248291218547272,False
8.9,,6,2,0.2499316487424134,-0.7497949462272402,False
8.9,,7,1,0.1249658243766374,-0.8747607706364617,False
8.95,,1,7,0.8747724605298245,-0.1249674943614035,True
8.95,,2,6,0.7498049661684525,-0.2499349887228175,False
8.95,,3,5,0.62483747180703,-0.374902483084218,False
8.95,,4,4,0.4998699774456125,-0.4998699774456125,False
8.95,,5,3,0.3749024830842521,-0.6248374718070868,False
8.95,,6,2,0.2499349887232847,-0.7498049661698539,False
8.95,,7,1,0.12496749436631625,-0.8747724605642136,False
9.0,,1,7,0.8747835783214111,-0.12496908261734442,True
9.0,,2,6,0.7498144957040935,-0.24993816523469786,False
9.0,,3,5,0.6248454130867327,-0.3749072478520396,False
9.0,,4,4,0.4998763304693764,-0.4998763304693764,False
9.0,,5,3,0.37490724785206897,-0.6248454130867817,False
9.0,,6,2,0.2499381652351,-0.7498144957053001,False
9.0,,7,1,0.1249690826215726,-0.8747835783510083,False
9.05,,1,7,0.8747941520545239,-0.12497059315064625,True
9.05,,2,6,0.7498235589039006,-0.24994118630130024,False
9.05,,3,5,0.6248529657532402,-0.37491177945194415,False
9.05,,4,4,0.4998823726025837,-0.4998823726025837,False
9.05,,5,3,0.3749117794519694,-0.6248529657532823,False
9.05,,6,2,0.2499411863016465,-0.7498235589049393,False
9.05,,7,1,0.1249705931542853,-0.8747941520799971,False
9.1,,1,7,0.8748042084268528,-0.12497202977526467,True
9.1,,2,6,0.7498321786516077,-0.2499440595505359,False
9.1,,3,5,0.6248601488763308,-0.3749160893257985,False
9.1,,4,4,0.4998881191010572,-0.4998881191010572,False
9.1,,5,3,0.3749160893258202,-0.6248601488763671,False
9.1,,6,2,0.2499440595508339,-0.7498321786525016,False
9.1,,7,1,0.1249720297783966,-0.8748042084487762,False
9.15,,1,7,0.8748137728195016,-0.12497339611707164,True
9.15,,2,6,0.7498403767024464,-0.2499467922341488,False
9.15,,3,5,0.6248669805853642,-0.3749201883512185,False
9.15,,4,4,0.499893584468285,-0.499893584468285,False
9.15,,5,3,0.3749201883512373,-0.6248669805853954,False
9.15,,6,2,0.2499467922344053,-0.7498403767032159,False
9.15,,7,1,0.12497339611976716,-0.87481377283837,False
9.2,,1,7,0.8748228693624829,-0.12497469562321185,True
9.2,,2,6,0.749848173739285,-0.24994939124642834,False
9.2,,3,5,0.6248734781160644,-0.3749240868696386,False
9.2,,4,4,0.4998987824928458,-0.4998987824928458,False
9.2,,5,3,0.3749240868696545,-0.6248734781160908,False
9.2,,6,2,0.2499493912466492,-0.7498481737399475,False
9.2,,7,1,0.1249746956255317,-0.874822869378722,False
9.25,,1,7,0.8748315209969074,-0.12497593157098676,True
9.25,,2,6,0.7498555894259329,-0.2499518631419776,False
9.25,,3,5,0.6248796578549379,-0.3749277947129627,False
9.25,,4,4,0.4999037262839456,-0.4999037262839456,False
9.25,,5,3,0.37492779471297655,-0.6248796578549611,False
9.25,,6,2,0.2499518631421675,-0.7498555894265025,False
9.25,,7,1,0.12497593157298335,-0.8748315210108835,False
9.3,,1,7,0.8748397495340341,-0.12497710707629058,True
9.3,,2,6,0.7498626424577538,-0.2499542141525846,False
9.3,,3,5,0.6248855353814562,-0.3749313212288737,False
9.3,,4,4,0.4999084283051606,-0.4999084283051606,False
9.3,,5,3,0.3749313212288854,-0.6248855353814756,False
9.3,,6,2,0.2499542141527479,-0.7498626424582437,False
9.3,,7,1,0.12497710707800888,-0.8748397495460623,False
9.35,,1,7,0.8748475757113469,-0.124978225101621,True
9.35,,2,6,0.7498693506097349,-0.24995645020324495,False
9.35,,3,5,0.6248911255081079,-0.3749346753048647,False
9.35,,4,4,0.4999129004064825,-0.4999129004064825,False
9.35,,5,3,0.3749346753048747,-0.6248911255081245,False
9.35,,6,2,0.2499564502033855,-0.7498693506101565,False
9.35,,7,1,0.12497822510309985,-0.8748475757216991,False
9.4,,1,7,0.8748550192458139,-0.12497928846368772,True
9.4,,2,6,0.7498757307821338,-0.2499585769273779,False
9.4,,3,5,0.6248964423184408,-0.37493786539106455,False
9.4,,4,4,0.4999171538547493,-0.4999171538547493,False
9.4,,5,3,0.37493786539107293,-0.6248964423184551,False
9.4,,6,2,0.24995857692749876,-0.7498757307824963,False
9.4,,7,1,0.12497928846496048,-0.8748550192547233,False
9.45,,1,7,0.8748620988844654,-0.12498029984063792,True
9.45,,2,6,0.749881799043834,-0.249960599681278,False
9.45,,3,5,0.6249014992031913,-0.3749408995219147,False
9.45,,4,4,0.4999211993625501,-0.4999211993625501,False
9.45,,5,3,0.3749408995219221,-0.6249014992032035,False
9.45,,6,2,0.2499605996813819,-0.7498817990441456,False
9.45,,7,1,0.12498029984173327,-0.874862098892133,False
9.5,,1,7,0.8748688324524381,-0.1249812617789197,True
9.5,,2,6,0.7498875706735236,-0.2499625235578412,False
9.5,,3,5,0.6249063088945997,-0.3749437853367598,False
9.5,,4,4,0.4999250471156773,-0.4999250471156773,False
9.5,,5,3,0.37494378533676603,-0.62490630889461,False
9.5,,6,2,0.2499625235579305,-0.7498875706737916,False
9.5,,7,1,0.12498126177986235,-0.8748688324590363,False
9.55,,1,7,0.8748752368986076,-0.12498217669980108,True
9.55,,2,6,0.7498930601988109,-0.2499643533996036,False
9.55,,3,5,0.6249108834990064,-0.3749465300994038,False
9.55,,4,4,0.4999287067992027,-0.4999287067992027,False
9.55,,5,3,0.374946530099409,-0.6249108834990149,False
9.55,,6,2,0.2499643533996804,-0.7498930601990412,False
9.55,,7,1,0.1249821767006123,-0.8748752369042858,False
9.6,,1,7,0.87488132833894,-0.12498304690556285,True
9.6,,2,6,0.7498982814333808,-0.24996609381112694,False
9.6,,3,5,0.624915234527815,-0.37494914071668894,False
9.6,,4,4,0.4999321876222498,-0.4999321876222498,False
9.6,,5,3,0.3749491407166933,-0.6249152345278222,False
9.6,,6,2,0.2499660938111929,-0.7498982814335787,False
9.6,,7,1,0.12498304690626096,-0.8748813283438267,False
9.65,,1,7,0.8748871220976712,-0.1249838745853816,True
9.65,,2,6,0.7499032475122925,-0.24996774917076414,False
9.65,,3,5,0.6249193729269084,-0.37495162375614505,False
9.65,,4,4,0.4999354983415248,-0.4999354983415248,False
9.65,,5,3,0.3749516237561485,-0.6249193729269142,False
9.65,,6,2,0.24996774917082085,-0.7499032475124626,False
9.65,,7,1,0.12498387458598235,-0.8748871221018765,False
9.7,,1,7,0.8748926327464291,-0.12498466182091846,True
9.7,,2,6,0.7499079709255134,-0.2499693236418378,False
9.7,,3,5,0.6249233091045925,-0.3749539854627553,False
9.7,,4,4,0.4999386472836724,-0.4999386472836724,False
9.7,,5,3,0.3749539854627586,-0.6249233091045977,False
9.7,,6,2,0.24996932364188645,-0.7499079709256594,False
9.7,,7,1,0.12498466182143544,-0.8748926327500481,False
9.75,,1,7,0.8748978741414065,-0.12498541059162947,True
9.75,,2,6,0.7499124635497793,-0.2499708211832597,False
9.75,,3,5,0.6249270529581475,-0.3749562317748885,False
9.75,,4,4,0.4999416423665165,-0.4999416423665165,False
9.75,,5,3,0.37495623177489096,-0.6249270529581517,False
9.75,,6,2,0.2499708211833015,-0.7499124635499044,False
9.75,,7,1,0.12498541059207435,-0.8748978741445206,False
9.8,,1,7,0.874902859458673,-0.12498612277981043,True
9.8,,2,6,0.7499167366788643,-0.2499722455596214,False
9.8,,3,5,0.624930613899052,-0.3749583683394312,False
9.8,,4,4,0.4999444911192402,-0.4999444911192402,False
9.8,,5,3,0.3749583683394332,-0.6249306138990554,False
9.8,,6,2,0.2499722455596572,-0.7499167366789716,False
9.8,,7,1,0.1249861227801932,-0.8749028594613524,False
9.85,,1,7,0.8749076012277338,-0.12498680017539054,True
9.85,,2,6,0.7499208010523446,-0.24997360035078156,False
9.85,,3,5,0.6249340008769524,-0.3749604005261714,False
9.85,,4,4,0.4999472007015607,-0.4999472007015607,False
9.85,,5,3,0.3749604005261731,-0.6249340008769552,False
9.85,,6,2,0.2499736003508123,-0.7499208010524369,False
9.85,,7,1,0.12498680017571992,-0.8749076012300395,False
9.9,,1,7,0.8749121113634146,-0.12498744448048782,True
9.9,,2,6,0.749924666882928,-0.24997488896097605,False
9.9,,3,5,0.6249372224024387,-0.3749623334414632,False
9.9,,4,4,0.4999497779219498,-0.4999497779219498,False
9.9,,5,3,0.3749623334414645,-0.6249372224024409,False
9.9,,6,2,0.24997488896100226,-0.7499246668830067,False
9.9,,7,1,0.1249874444807712,-0.8749121113653984,False
9.95,,1,7,0.8749164011961602,-0.12498805731373715,True
9.95,,2,6,0.7499283438824239,-0.24997611462747465,False
9.95,,3,5,0.6249402865686853,-0.3749641719412112,False
9.95,,4,4,0.4999522292549472,-0.4999522292549472,False
9.95,,5,3,0.3749641719412123,-0.6249402865686873,False
9.95,,6,2,0.2499761146274972,-0.7499283438824915,False
9.95,,7,1,0.124988057313981,-0.8749164011978671,False
10.0,,1,7,0.8749204815008277,-0.12498864021440395,True
10.0,,2,6,0.7499318412864242,-0.2499772804288081,False
10.0,,3,5,0.6249432010720191,-0.3749659206432113,False
10.0,,4,4,0.4999545608576142,-0.4999545608576142,False
10.0,,5,3,0.3749659206432122,-0.6249432010720203,False
10.0,,6,2,0.2499772804288273,-0.7499318412864818,False
10.0,,7,1,0.12498864021461367,-0.8749204815022956,False
