1,7,2.,1.1208658663107393e-6,-1.6012369518724848e-7
2,6,2.,1.1208656270009388e-6,-3.7362187566697964e-7
3,5,2.,1.1208652920256768e-6,-6.725191752154061e-7
4,4,2.,1.1208647894556065e-6,-1.1208647894556065e-6
5,3,2.,1.1208639519462206e-6,-1.8681065865770343e-6
6,2,2.,1.12086227682712e-6,-3.3625868304813604e-6
7,1,2.,1.1208572515067986e-6,-7.846000760547591e-6
1,7,2.05,0.2343694154404252,-0.03348134506291788
2,6,2.05,0.2008880703850435,-0.06696269012834784
3,5,2.05,0.16740672532767137,-0.10044403519660282
4,4,2.05,0.13392538027814005,-0.13392538027814005
5,3,2.05,0.10044403524780011,-0.1674067254130002
6,2,2.05,0.06696269022164505,-0.20088807066493516
7,1,2.05,0.033481345029631536,-0.23436941520742077
1,7,2.1,0.3243675159986772,-0.0463382165712396
2,6,2.1,0.27802929942840476,-0.09267643314280158
3,5,2.1,0.23169108285716095,-0.13901464971429656
4,4,2.1,0.18535286628597375,-0.18535286628597375
5,3,2.1,0.13901464971459696,-0.23169108285766163
6,2,2.1,0.09267643314265468,-0.278029299427964
7,1,2.1,0.046338216599709645,-0.3243675161979675
1,7,2.15,0.3890015847870118,-0.055571654969573114
2,6,2.15,0.33342992981755537,-0.11114330993918513
3,5,2.15,0.27785827484793946,-0.16671496490876367
4,4,2.15,0.22228661987833728,-0.22228661987833728
5,3,2.15,0.16671496490873394,-0.2778582748478899
6,2,2.15,0.11114330993914272,-0.33342992981742814
7,1,2.15,0.05557165498255387,-0.3890015848778771
1,7,2.2,0.44007300307653774,-0.06286757186807682
2,6,2.2,0.3772054312084917,-0.1257351437361639
3,5,2.2,0.3143378593404027,-0.1886027156042416
4,4,2.2,0.25147028747231787,-0.25147028747231787
5,3,2.2,0.18860271560423664,-0.3143378593403944
6,2,2.2,0.12573514374053163,-0.3772054312215949
7,1,2.2,0.06286757186843371,-0.440073003079036
1,7,2.25,0.4822905170346901,-0.06889864529067001
2,6,2.25,0.4133918717446107,-0.1377972905815369
3,5,2.25,0.3444932264538407,-0.20669593587230442
4,4,2.25,0.275594581163071,-0.275594581163071
5,3,2.25,0.2066959359000222,-0.34449322650003694
6,2,2.25,0.1377972905816479,-0.41339187174494363
7,1,2.25,0.06889864529076853,-0.48229051703537973
1,7,2.3,0.5181355989599236,-0.07401937127998909
2,6,2.3,0.44411622784265103,-0.148038742614217
3,5,2.3,0.37009685646892715,-0.2220581138813563
4,4,2.3,0.29607748514582544,-0.29607748514582544
5,3,2.3,0.22205811384440272,-0.3700968564073379
6,2,2.3,0.14803874256027746,-0.4441162276808324
7,1,2.3,0.07401937127736836,-0.5181355989415786
1,7,2.35,0.5491193419217415,-0.0784456202745345
2,6,2.35,0.4706737216967753,-0.15689124056559176
3,5,2.35,0.39222810139083086,-0.23533686083449853
4,4,2.35,0.31378248110387313,-0.31378248110387313
5,3,2.35,0.23533686082435373,-0.3922281013739229
6,2,2.35,0.1568912405491635,-0.47067372164749055
7,1,2.35,0.0784456202745815,-0.5491193419220706
1,7,2.4,0.5762484528549869,-0.08232120755071241
2,6,2.4,0.49392724531942783,-0.16464241510647595
3,5,2.4,0.41160603775840165,-0.246963622655041
4,4,2.4,0.3292848302041348,-0.3292848302041348
5,3,2.4,0.24696362265225127,-0.4116060377537522
6,2,2.4,0.16464241510270192,-0.4939272453081058
7,1,2.4,0.08232120755073002,-0.5762484528551102
1,7,2.45,0.6002360602527866,-0.08574800860754095
2,6,2.45,0.5144880516499183,-0.1714960172166394
3,5,2.45,0.42874004303902236,-0.2572440258234134
4,4,2.45,0.34299203443046006,-0.34299203443046006
5,3,2.45,0.2572440258226383,-0.4287400430377305
6,2,2.45,0.17149601721508131,-0.5144880516452439
7,1,2.45,0.08574800860765212,-0.6002360602535648
1,7,2.5,0.621610310551884,-0.08880147293598342
2,6,2.5,0.5328088376173531,-0.17760294587245107
3,5,2.5,0.4440073646802821,-0.2664044188081693
4,4,2.5,0.35520589174400297,-0.35520589174400297
5,3,2.5,0.2664044188079508,-0.44400736467991797
6,2,2.5,0.177602945871933,-0.532808837615799
7,1,2.5,0.08880147293878846,-0.6216103105715192
1,7,2.55,0.6407757355926892,-0.0915393907989556
2,6,2.55,0.5492363447941885,-0.18307878159806285
3,5,2.55,0.45769695399488036,-0.2746181723969282
4,4,2.55,0.3661575631958381,-0.3661575631958381
5,3,2.55,0.2746181723968653,-0.45769695399477556
6,2,2.55,0.18307878159785532,-0.5492363447935659
7,1,2.55,0.09153939079895461,-0.6407757355926823
1,7,2.6,0.6580504320736745,-0.09400720458195351
2,6,2.6,0.5640432274918641,-0.18801440916395468
3,5,2.6,0.47003602290979585,-0.28202161374587753
4,4,2.6,0.3760288183278164,-0.3760288183278164
5,3,2.6,0.28202161374585855,-0.47003602290976426
6,2,2.6,0.18801440916387652,-0.5640432274916296
7,1,2.6,0.09400720458195255,-0.6580504320736678
1,7,2.65,0.6736898463792171,-0.09624140662560245
2,6,2.65,0.5774484397536597,-0.1924828132512199
3,5,2.65,0.4812070331280194,-0.2887242198768116
4,4,2.65,0.38496562650240895,-0.38496562650240895
5,3,2.65,0.2887242198768054,-0.48120703312800905
6,2,2.65,0.19248281325119587,-0.5774484397535876
7,1,2.65,0.09624140662560145,-0.6736898463792101
1,7,2.7,0.687902670526143,-0.09827181007516328
2,6,2.7,0.5896308604509937,-0.19654362015033122
3,5,2.7,0.49135905037581734,-0.2948154302254904
4,4,2.7,0.3930872403006514,-0.3930872403006514
5,3,2.7,0.29481543023682333,-0.4913590503947056
6,2,2.7,0.19654362015032426,-0.5896308604509728
7,1,2.7,0.09827181007516236,-0.6879026705261366
1,7,2.75,0.7008618540782782,-0.1001231220111826
2,6,2.75,0.6007387320670994,-0.20024624402236643
3,5,2.75,0.5006156100559122,-0.3003693660335473
4,4,2.75,0.4004924880447285,-0.4004924880447285
5,3,2.75,0.3003693660376855,-0.5006156100628092
6,2,2.75,0.20024624402236357,-0.6007387320670908
7,1,2.75,0.10012312201118169,-0.7008618540782718
1,7,2.8,0.7127124648109359,-0.10181606640156227
2,6,2.8,0.610896398409374,-0.20363213280312467
3,5,2.8,0.50908033200781,-0.305448199204686
4,4,2.8,0.40726426564436136,-0.40726426564436136
5,3,2.8,0.30544819920620014,-0.5090803320103335
6,2,2.8,0.20363213280312295,-0.6108963984093689
7,1,2.8,0.10181606640156135,-0.7127124648109294
1,7,2.85,0.723577444201759,-0.103368206314537
2,6,2.85,0.6202092378872215,-0.20673641262907383
3,5,2.85,0.5168410316495625,-0.31010461898973746
4,4,2.85,0.4134728252757279,-0.4134728252757279
5,3,2.85,0.3101046189441639,-0.5168410315736065
6,2,2.85,0.20673641262907216,-0.6202092378872165
7,1,2.85,0.10336820631453608,-0.7235774442017526
1,7,2.9,0.733561914005376,-0.10479455914362514
2,6,2.9,0.6287673551720953,-0.2095891183906984
3,5,2.9,0.5239727959108177,-0.3143836775464906
4,4,2.9,0.4191782367064029,-0.4191782367064029
5,3,2.9,0.31438367752387564,-0.5239727958731261
6,2,2.9,0.20958911834911312,-0.6287673550473394
7,1,2.9,0.10479455917455731,-0.7335619142219012
1,7,2.95,0.7427564613222808,-0.10610806590318297
2,6,2.95,0.6366483954891992,-0.21221613182973306
3,5,2.95,0.5305403295398216,-0.3183241977238929
4,4,2.95,0.42443226362054115,-0.42443226362054115
5,3,2.95,0.3183241977126105,-0.5305403295210175
6,2,2.95,0.2122161318083527,-0.636648395425058
7,1,2.95,0.10610806590417857,-0.74275646132925
1,7,3.,0.7512396820599045,-0.10731995457998636
2,6,3.,0.643919727513169,-0.21463990917105633
3,5,3.,0.5365997729095404,-0.3219598637457243
4,4,3.,0.4292798183218546,-0.4292798183218546
5,3,3.,0.3219598637400656,-0.5365997729001094
6,2,3.,0.214639909160017,-0.6439197274800509
7,1,3.,0.10731995458001264,-0.7512396820600884
1,7,3.05,0.7590801849820442,-0.10844002642600631
2,6,3.05,0.6506401585731808,-0.2168800528577269
3,5,3.05,0.5422001321348029,-0.3253200792808817
4,4,3.05,0.4337601057048802,-0.4337601057048802
5,3,3.05,0.32532007927802853,-0.5422001321300476
6,2,3.05,0.21688005285199996,-0.6506401585559999
7,1,3.05,0.1084400264301532,-0.7590801850110724
1,7,3.1,0.7663381853943038,-0.10947688362775768
2,6,3.1,0.6568613017754628,-0.21895376725848759
3,5,3.1,0.5473844181412054,-0.32843065088472323
4,4,3.1,0.4379075345114395,-0.4379075345114395
5,3,3.1,0.328430650883277,-0.547384418138795
6,2,3.1,0.21895376725550014,-0.6568613017665005
7,1,3.1,0.1094768836303,-0.7663381854121001
1,7,3.1500000000000004,0.7730667901942414,-0.11043811288489164
2,6,3.1500000000000004,0.6626286773140012,-0.22087622577133376
3,5,3.1500000000000004,0.5521905644256855,-0.3313143386554113
4,4,3.1500000000000004,0.44175245153976,-0.44175245153976
5,3,3.1500000000000004,0.33131433865467436,-0.5521905644244572
6,2,3.1500000000000004,0.2208762257697647,-0.6626286773092941
7,1,3.1500000000000004,0.11043811288641328,-0.7730667902048929
1,7,3.2,0.7793130437425787,-0.11133043482036839
2,6,3.2,0.6679826089232609,-0.22266086964108694
3,5,3.2,0.5566521741013137,-0.33399130446078823
4,4,3.2,0.4453217392806416,-0.4453217392806416
5,3,3.2,0.3339913044604107,-0.5566521741006845
6,2,3.2,0.22266086964025553,-0.6679826089207667
7,1,3.2,0.11133043482103051,-0.7793130437472134
1,7,3.25,0.7851187870432348,-0.11215982672046211
2,6,3.25,0.6729589603239468,-0.22431965344131558
3,5,3.25,0.560799133602543,-0.33647948016152573
4,4,3.25,0.4486393068818208,-0.4486393068818208
5,3,3.25,0.3364794801613312,-0.5607991336022187
6,2,3.25,0.22431965344086993,-0.6729589603226098
7,1,3.25,0.11215982672095978,-0.7851187870467186
1,7,3.3,0.7905213694900036,-0.11293162421285766
2,6,3.3,0.6775897452778137,-0.22586324842593786
3,5,3.3,0.5646581210644468,-0.3387948726386681
4,4,3.3,0.45172649685144545,-0.45172649685144545
5,3,3.3,0.33879487263856717,-0.5646581210642786
6,2,3.3,0.22586324842569525,-0.6775897452770858
7,1,3.3,0.11293162421314948,-0.7905213694920463
1,7,3.35,0.7955542429083197,-0.11365060612975994
2,6,3.35,0.6819036367789169,-0.22730121225963895
3,5,3.35,0.5682530306488844,-0.3409518183893307
4,4,3.35,0.4546024245190484,-0.4546024245190484
5,3,3.35,0.3409518183892778,-0.5682530306487964
6,2,3.35,0.22730121225950417,-0.6819036367785126
7,1,3.35,0.11365060612992445,-0.7955542429094712
1,7,3.4000000000000004,0.800247460832085,-0.11432106583315499
2,6,3.4000000000000004,0.6859263949991198,-0.22864213166637326
3,5,3.4000000000000004,0.5716053291658186,-0.34296319749949117
4,4,3.4000000000000004,0.4572842633326234,-0.4572842633326234
5,3,3.4000000000000004,0.3429631974994632,-0.5716053291657721
6,2,3.4000000000000004,0.22864213166629643,-0.6859263949988892
7,1,3.4000000000000004,0.11432106583324628,-0.8002474608327239
1,7,3.45,0.8046281007678254,-0.11494687153826078
2,6,3.45,0.6896812292296657,-0.2298937430765552
3,5,3.45,0.5747343576913262,-0.34484061461479576
4,4,3.45,0.459787486153044,-0.459787486153044
5,3,3.45,0.3448406146147806,-0.574734357691301
6,2,3.45,0.22989374307650998,-0.6896812292295299
7,1,3.45,0.11494687153831078,-0.8046281007681755
1,7,3.5,0.8087206234099721,-0.11553151762999603
2,6,3.5,0.6931891057800296,-0.23106303526000987
3,5,3.5,0.577657588149991,-0.34659455288999463
4,4,3.5,0.46212607051998356,-0.46212607051998356
5,3,3.5,0.34659455289493063,-0.5776575881582177
6,2,3.5,0.23106303525998229,-0.6931891057799469
7,1,3.5,0.11553151763002303,-0.8087206234101612
1,7,3.55,0.8125471798590291,-0.11607816855128987
2,6,3.55,0.6964690113077676,-0.23215633710258923
3,5,3.55,0.5803908427564545,-0.34823450565387265
4,4,3.55,0.4643126742051583,-0.4643126742051583
5,3,3.55,0.3482345056561378,-0.5803908427602297
6,2,3.55,0.23215633710257155,-0.6964690113077147
7,1,3.55,0.11607816855130419,-0.8125471798591293
1,7,3.6,0.8161278756715818,-0.1165896965245117
2,6,3.6,0.6995381791470848,-0.23317939304902832
3,5,3.6,0.5829484826225603,-0.3497690895735362
4,4,3.6,0.4663587860980452,-0.4663587860980452
5,3,3.6,0.34976908957453,-0.5829484826242167
6,2,3.6,0.2331793930490166,-0.6995381791470499
7,1,3.6,0.11658969652451902,-0.8161278756716331
1,7,3.6500000000000004,0.819480998850682,-0.117068714121526
2,6,3.6500000000000004,0.7024122847291637,-0.23413742824305456
3,5,3.6500000000000004,0.5853435706076304,-0.35120614236457826
4,4,3.6500000000000004,0.4682748564861024,-0.4682748564861024
5,3,3.6500000000000004,0.3512061423649896,-0.585343570608316
6,2,3.6500000000000004,0.2341374282430465,-0.7024122847291394
7,1,3.6500000000000004,0.11706871412152958,-0.819480998850707
1,7,3.7,0.8226232175419783,-0.1175176025059969
2,6,3.7,0.7051056150359851,-0.235035205011995
3,5,3.7,0.587588012529984,-0.35255280751799045
4,4,3.7,0.4700704100239858,-0.4700704100239858
5,3,3.7,0.3525528075181479,-0.5875880125302465
6,2,3.7,0.23503520501198916,-0.7051056150359676
7,1,3.7,0.1175176025059984,-0.8226232175419889
1,7,3.75,0.8255697521434913,-0.11793853602049874
2,6,3.75,0.7076312161229943,-0.2358770720409981
3,5,3.75,0.5896926801024929,-0.3538156080614957
4,4,3.75,0.4717541440819933,-0.4717541440819933
5,3,3.75,0.35381560806154955,-0.5896926801025826
6,2,3.75,0.23587707204099373,-0.7076312161229812
7,1,3.75,0.11793853602049914,-0.825569752143494
1,7,3.8,0.8283345256979024,-0.11833350367112891
2,6,3.8,0.7100010220267738,-0.23666700734225793
3,5,3.8,0.5916675183556434,-0.35500051101338603
4,4,3.8,0.4733340146845139,-0.4733340146845139
5,3,3.8,0.35500051101340135,-0.5916675183556689
6,2,3.8,0.23666700734225457,-0.7100010220267637
7,1,3.8,0.11833350367112871,-0.8283345256979011
1,7,3.85,0.8309302957655875,-0.11870432796651252
2,6,3.85,0.7122259677990749,-0.23740865593302496
3,5,3.85,0.5935216398325615,-0.3561129838995369
4,4,3.85,0.4748173118660483,-0.4748173118660483
5,3,3.85,0.35611298389953955,-0.5935216398325659
6,2,3.85,0.2374086559330223,-0.7122259677990668
7,1,3.85,0.11870432796651202,-0.8309302957655842
1,7,3.9000000000000004,0.8333687704369677,-0.11905268149099538
2,6,3.9000000000000004,0.7143160889459718,-0.23810536298199056
3,5,3.9000000000000004,0.5952634074549756,-0.35715804447298544
4,4,3.9000000000000004,0.476210725984386,-0.476210725984386
5,3,3.9000000000000004,0.3571580444729851,-0.5952634074549752
6,2,3.9000000000000004,0.23810536298198837,-0.7143160889459651
7,1,3.9000000000000004,0.11905268149099472,-0.8333687704369631
1,7,3.95,0.8356607107056384,-0.1193801015293769
2,6,3.95,0.716280609176261,-0.23876020305875365
3,5,3.95,0.5969005076468832,-0.35814030458812995
4,4,3.95,0.47752040613102115,-0.47752040613102115
5,3,3.95,0.35814030458812907,-0.5969005076468819
6,2,3.95,0.2387602030587517,-0.7162806091762551
7,1,3.95,0.11938010152937616,-0.8356607107056331
1,7,4.,0.8378160210676089,-0.1196880030096584
2,6,4.,0.7181280180579498,-0.2393760060193166
3,5,4.,0.5984400151002943,-0.35906400906017666
4,4,4.,0.4787520120475938,-0.4787520120475938
5,3,4.,0.3590640090289737,-0.5984400150482894
6,2,4.,0.2393760060193149,-0.7181280180579448
7,1,4.,0.11968800300965764,-0.8378160210676036
1,7,4.050000000000001,0.8398438292667776,-0.11997768989525394
2,6,4.050000000000001,0.7198661400297864,-0.2399553800099288
3,5,4.050000000000001,0.5998884499790043,-0.3599330699874026
4,4,4.050000000000001,0.47991075996031074,-0.47991075996031074
5,3,4.050000000000001,0.35993306996577096,-0.5998884499429515
6,2,4.050000000000001,0.23995537997718,-0.71986613993154
7,1,4.050000000000001,0.1199776899885901,-0.8398438299201306
1,7,4.1,0.8417525607626783,-0.12025036582323977
2,6,4.1,0.7215021952915983,-0.2405007317638661
3,5,4.1,0.6012518293773423,-0.3607510976264054
4,4,4.1,0.48100146348579365,-0.48100146348579365
5,3,4.1,0.36075109761137997,-0.6012518293523
6,2,4.1,0.24050073174091946,-0.7215021952227584
7,1,4.1,0.12025036587045974,-0.8417525610932183
1,7,4.15,0.8435499974799691,-0.12050714249713844
2,6,4.15,0.7230428551750111,-0.24101428505833702
3,5,4.15,0.6025357126229994,-0.36152142757379974
4,4,4.15,0.4820285700870872,-0.4820285700870872
5,3,4.15,0.36152142756334316,-0.6025357126055718
6,2,4.15,0.2410142850422282,-0.7230428551266845
7,1,4.15,0.12050714252111407,-0.8435499976477984
1,7,4.2,0.8452433388234859,-0.12074904840335512
2,6,4.2,0.7244942905274239,-0.24149809684247464
3,5,4.2,0.6037452420900149,-0.3622471452540089
4,4,4.2,0.48299619366404156,-0.48299619366404156
5,3,4.2,0.36224714524671825,-0.6037452420778637
6,2,4.2,0.24149809683114482,-0.7244942904934344
7,1,4.2,0.12074904841557232,-0.8452433389090063
1,7,4.25,0.8468392515208443,-0.12097703593154918
2,6,4.25,0.7258622156507324,-0.24195407188357745
3,5,4.25,0.6048851796974748,-0.36293110781848487
4,4,4.25,0.4839081437523558,-0.4839081437523558
5,3,4.25,0.36293110781339244,-0.6048851796889874
6,2,4.25,0.24195407187559403,-0.725862215626782
7,1,4.25,0.1209770359377969,-0.8468392515645783
1,7,4.300000000000001,0.8483439155198179,-0.12119198793140257
2,6,4.300000000000001,0.7271519276245617,-0.24238397587485389
3,5,4.300000000000001,0.6059599396789868,-0.36357596380739204
4,4,4.300000000000001,0.48476795173921505,-0.48476795173921505
5,3,4.300000000000001,0.36357596380382884,-0.6059599396730481
6,2,4.300000000000001,0.24238397586921795,-0.7271519276076538
7,1,4.300000000000001,0.12119198793195077,-0.8483439155236554
1,7,4.35,0.8497630652707066,-0.12139472361010094
2,6,4.35,0.7283683416824711,-0.2427894472274904
3,5,4.35,0.6069736180629273,-0.3641841708377564
4,4,4.35,0.4855788944475292,-0.4855788944475292
5,3,4.35,0.3641841708352591,-0.6069736180587652
6,2,4.35,0.24278944722350437,-0.7283683416705131
7,1,4.35,0.12139472360997298,-0.849763065269811
1,7,4.4,0.8511020269320114,-0.1215860038474302
2,6,4.4,0.7295160230981736,-0.2431720076993912
3,5,4.4,0.6079300192443442,-0.36475801154660653
4,4,4.4,0.4863440153934818,-0.4863440153934818
5,3,4.4,0.3647580115448533,-0.6079300192414222
6,2,4.4,0.24317200769656697,-0.729516023089701
7,1,4.4,0.12158600384709284,-0.85110202692965
1,7,4.45,0.8523657519648886,-0.12176653599498409
2,6,4.45,0.7305992159785729,-0.24353307199285762
3,5,4.45,0.6088326799791919,-0.36529960798751515
4,4,4.45,0.4870661439819385,-0.4870661439819385
5,3,4.45,0.3652996079862827,-0.6088326799771379
6,2,4.45,0.2435330719908528,-0.7305992159725584
7,1,4.45,0.1217665359946298,-0.8523657519624086
1,7,4.5,0.8535588475207039,-0.12193697821724342
2,6,4.5,0.7316218693091174,-0.2438739564363725
3,5,4.5,0.6096848910888192,-0.36581093465329156
4,4,4.5,0.4877479128700496,-0.4877479128700496
5,3,4.5,0.36581093465242404,-0.6096848910873733
6,2,4.5,0.24387395643494675,-0.7316218693048402
7,1,4.5,0.12193697821694045,-0.8535588475185831
1,7,4.550000000000001,0.8546856039742182,-0.1220979434248883
2,6,4.550000000000001,0.7325876605530961,-0.24419588685103202
3,5,4.550000000000001,0.6104897171260666,-0.3662938302756399
4,4,4.550000000000001,0.4883917737001372,-0.4883917737001372
5,3,4.550000000000001,0.3662938302750282,-0.6104897171250471
6,2,4.550000000000001,0.24419588685001617,-0.7325876605500486
7,1,4.550000000000001,0.12209794342465159,-0.8546856039725612
1,7,4.6,0.8557500199107297,-0.12225000284438997
2,6,4.6,0.7335000170688901,-0.24450000568963
3,5,4.6,0.6112500142229886,-0.3667500085337932
4,4,4.6,0.4890000113778804,-0.4890000113778804
5,3,4.6,0.3667500085333614,-0.6112500142222691
6,2,4.6,0.24450000568890493,-0.7335000170667147
7,1,4.6,0.12225000284421399,-0.8557500199094981
1,7,4.65,0.8567558248376136,-0.12239368926251623
2,6,4.65,0.7343621355768484,-0.24478737852561613
3,5,4.65,0.611968446313259,-0.3671810677879554
4,4,4.65,0.4895747570502428,-0.4895747570502428
5,3,4.65,0.3671810677876506,-0.6119684463127509
6,2,4.65,0.2447873785250976,-0.7343621355752928
7,1,4.65,0.12239368926238928,-0.8567558248367249
1,7,4.7,0.8577064998580443,-0.12252949997972061
2,6,4.7,0.7351769998795395,-0.24505899995984648
3,5,4.7,0.6126474998990534,-0.3675884999394321
4,4,4.7,0.4901179999189822,-0.4901179999189822
5,3,4.7,0.3675884999392165,-0.6126474998986942
6,2,4.7,0.24505899995947494,-0.7351769998784249
7,1,4.7,0.12252949997963077,-0.8577064998574154
1,7,4.75,0.8586052965165096,-0.1226578995023585
2,6,4.75,0.735947397015003,-0.245315799005001
3,5,4.75,0.6132894975120965,-0.36797369850725786
4,4,4.75,0.4906315980094904,-0.4906315980094904
5,3,4.75,0.3679736985071053,-0.6132894975118421
6,2,4.75,0.24531579900473424,-0.7359473970142028
7,1,4.75,0.12265789950229572,-0.85860529651607
1,7,4.800000000000001,0.859455254001266,-0.12277932200018085
2,6,4.800000000000001,0.7366759320016866,-0.2455586440005622
3,5,4.800000000000001,0.6138966100011118,-0.3683379660006671
4,4,4.800000000000001,0.4911172880007556,-0.4911172880007556
5,3,4.800000000000001,0.36833796600055907,-0.6138966100009319
6,2,4.800000000000001,0.24555864400037022,-0.7366759320011108
7,1,4.800000000000001,0.12277932200013733,-0.8594552540009612
1,7,4.85,0.8602592148676491,-0.12289417355252132
2,6,4.85,0.7373650413155548,-0.24578834710518493
3,5,4.85,0.6144708677627498,-0.3686825206576499
4,4,4.85,0.49157669421010364,-0.49157669421010364
5,3,4.85,0.3686825206575733,-0.614470867762622
6,2,4.85,0.24578834711038275,-0.7373650413311483
7,1,4.85,0.12289417355249127,-0.860259214867439
1,7,4.9,0.8610198394276357,-0.12300283420394795
2,6,4.9,0.7380170052239922,-0.2460056684079974
3,5,4.9,0.6150141710198392,-0.3690085026119036
4,4,4.9,0.4920113368158021,-0.4920113368158021
5,3,4.9,0.36900850261184925,-0.6150141710197488
6,2,4.9,0.246005668412125,-0.7380170052363749
7,1,4.9,0.12300283420392723,-0.8610198394274907
1,7,4.95,0.8617396189348834,-0.12310565984784048
2,6,4.95,0.7386339590872611,-0.2462113196957537
3,5,4.95,0.615528299239272,-0.3693169795435632
4,4,4.95,0.49242263939136766,-0.49242263939136766
5,3,4.95,0.3693169795435247,-0.6155282992392077
6,2,4.95,0.24621131969902815,-0.7386339590970845
7,1,4.95,0.12310565984782622,-0.8617396189347835
1,7,5.,0.8624208876803209,-0.12320298395433156
2,6,5.,0.739217903726146,-0.24640596790871536
3,5,5.,0.6160149197717066,-0.369608951863024
4,4,5.,0.49281193581732907,-0.49281193581732907
5,3,5.,0.36960895186299664,-0.616014919771661
6,2,5.,0.24640596791131056,-0.7392179037339317
7,1,5.,0.12320298395432165,-0.8624208876802515
1,7,5.050000000000001,0.8630658341009254,-0.12329511915727503
2,6,5.050000000000001,0.739770714943763,-0.24659023831458768
3,5,5.050000000000001,0.6164755957864094,-0.36988535747184564
4,4,5.050000000000001,0.49318047662910136,-0.49318047662910136
5,3,5.050000000000001,0.3698853574718263,-0.6164755957863772
6,2,5.050000000000001,0.24659023831664287,-0.7397707149499287
7,1,5.050000000000001,0.1232951191572681,-0.8630658341008767
1,7,5.1,0.8636765109934132,-0.12338235871334473
2,6,5.1,0.7402941522801499,-0.24676471742671663
3,5,5.1,0.6169117935667479,-0.37014707614004866
4,4,5.1,0.49352943485337913,-0.49352943485337913
5,3,5.1,0.3701470761400348,-0.6169117935667247
6,2,5.1,0.24676471742834277,-0.7402941522850284
7,1,5.1,0.12338235871333983,-0.8636765109933788
1,7,5.15,0.8642548449149371,-0.12346497784499101
2,6,5.15,0.7407898670700047,-0.24692995569000156
3,5,5.15,0.6173248892249719,-0.3703949335349831
4,4,5.15,0.4938599113799635,-0.4938599113799635
5,3,5.15,0.3703949335349732,-0.6173248892249554
6,2,5.15,0.24692995569128737,-0.7407898670738621
7,1,5.15,0.12346497784498742,-0.864254844914912
1,7,5.2,0.8648026448443852,-0.12354323497776931
2,6,5.2,0.7412594098666583,-0.24708646995555275
3,5,5.2,0.6177161748888583,-0.370629704933315
4,4,5.2,0.4941729399110763,-0.4941729399110763
5,3,5.2,0.3706297049333078,-0.6177161748888463
6,2,5.2,0.24708646995656863,-0.7412594098697058
7,1,5.2,0.12354323497776666,-0.8648026448443665
1,7,5.25,0.8653216101703709,-0.12361737288148157
2,6,5.25,0.7417042372889201,-0.24723474576297338
3,5,5.25,0.618086864407416,-0.3708521186444496
4,4,5.25,0.49446949152592506,-0.49446949152592506
5,3,5.25,0.3708521186444444,-0.6180868644074072
6,2,5.25,0.2472347457637755,-0.7417042372913265
7,1,5.25,0.12361737288147955,-0.8653216101703567
1,7,5.300000000000001,0.8658133380653328,-0.12368761972361896
2,6,5.300000000000001,0.7421257183417359,-0.2473752394472453
3,5,5.300000000000001,0.6184380986181003,-0.3710628591708602
4,4,5.300000000000001,0.4947504788944745,-0.4947504788944745
5,3,5.300000000000001,0.3710628591708564,-0.618438098618094
6,2,5.300000000000001,0.24737523944787818,-0.7421257183436346
7,1,5.300000000000001,0.12368761972361732,-0.8658133380653211
1,7,5.35,0.8662793302992601,-0.12375419004275143
2,6,5.35,0.7425251402565244,-0.24750838008550813
3,5,5.35,0.6187709502137606,-0.37126257012825636
4,4,5.35,0.4950167601710042,-0.4950167601710042
5,3,5.35,0.3712625701282536,-0.6187709502137559
6,2,5.35,0.2475083800860072,-0.7425251402580215
7,1,5.35,0.12375419004275008,-0.8662793302992504
1,7,5.4,0.8667209995413078,-0.12381728564875825
2,6,5.4,0.7429037138925612,-0.2476345712975204
3,5,5.4,0.6190864282437938,-0.3714518569462762
4,4,5.4,0.4952691425950316,-0.4952691425950316
5,3,5.4,0.371451856946274,-0.61908642824379
6,2,5.4,0.24763457129791364,-0.742903713893741
7,1,5.4,0.1238172856487571,-0.8667209995412998
1,7,5.45,0.8671396751928788,-0.12387709645612555
2,6,5.45,0.7432625787367613,-0.24775419291225378
3,5,5.45,0.619385482280629,-0.3716312893683774
4,4,5.45,0.4955083858245006,-0.4955083858245006
5,3,5.45,0.37163128936837564,-0.6193854822806261
6,2,5.45,0.2477541929125635,-0.7432625787376905
7,1,5.45,0.1238770964561245,-0.8671396751928715
1,7,5.5,0.867536608791578,-0.1239338012559397
2,6,5.5,0.743602807535644,-0.24786760251188134
3,5,5.5,0.6196690062796991,-0.3718014037678195
4,4,5.5,0.4957352050237573,-0.4957352050237573
5,3,5.5,0.37180140376781823,-0.6196690062796969
6,2,5.5,0.24786760251212508,-0.7436028075363753
7,1,5.5,0.12393380125593877,-0.8675366087915714
1,7,5.550000000000001,0.8679129790217254,-0.12398756843167505
2,6,5.550000000000001,0.7439254105900542,-0.24797513686335143
3,5,5.550000000000001,0.6199378421583754,-0.3719627052950253
4,4,5.550000000000001,0.4959502737266986,-0.4959502737266986
5,3,5.550000000000001,0.3719627052950241,-0.6199378421583734
6,2,5.550000000000001,0.24797513686354314,-0.7439254105906294
7,1,5.550000000000001,0.12398756843167416,-0.8679129790217192
1,7,5.6,0.8682698963637628,-0.1240385566233947
2,6,5.6,0.744231339740371,-0.24807711324679035
3,5,5.6,0.6201927831169732,-0.3721156698701839
4,4,5.6,0.49615422649357716,-0.49615422649357716
5,3,5.6,0.37211566987018285,-0.6201927831169715
6,2,5.6,0.24807711324694098,-0.7442313397408229
7,1,5.6,0.12403855662339384,-0.868269896363757
1,7,5.65,0.8686084074135684,-0.12408691534479546
2,6,5.65,0.7445214920673596,-0.24817383068911988
3,5,5.65,0.6204345767227977,-0.3722607460336786
4,4,5.65,0.496347661378237,-0.496347661378237
5,3,5.65,0.3722607460336777,-0.6204345767227961
6,2,5.65,0.24817383068923818,-0.7445214920677145
7,1,5.65,0.12408691534455883,-0.8686084074119118
1,7,5.7,0.8689294988879195,-0.12413278555541706
2,6,5.7,0.744796713331536,-0.248265571110512
3,5,5.7,0.6206639277762782,-0.372398356665767
4,4,5.7,0.4965311422210216,-0.4965311422210216
5,3,5.7,0.37239835666576615,-0.620663927776277
6,2,5.7,0.24826557111060482,-0.7447967133318144
7,1,5.7,0.124132785555255,-0.8689294988867851
1,7,5.75,0.8692341013679168,-0.12417630019541667
2,6,5.75,0.7450578011718381,-0.24835260039061272
3,5,5.75,0.6208815009765303,-0.3725289005859182
4,4,5.75,0.4967052007812233,-0.4967052007812233
5,3,5.75,0.3725289005859173,-0.6208815009765288
6,2,5.75,0.2483526003906854,-0.7450578011720562
7,1,5.75,0.12417630019530541,-0.8692341013671379
1,7,5.800000000000001,0.869523092763507,-0.12421758468050101
2,6,5.800000000000001,0.7453055080825516,-0.24843516936085056
3,5,5.800000000000001,0.6210879234021253,-0.3726527540412752
4,4,5.800000000000001,0.49687033872169944,-0.49687033872169944
5,3,5.800000000000001,0.3726527540412744,-0.6210879234021239
6,2,5.800000000000001,0.24843516936090754,-0.7453055080827227
7,1,5.800000000000001,0.12421758468042447,-0.8695230927629714
1,7,5.85,0.8697973015504173,-0.12425675736434534
2,6,5.85,0.7455405441857594,-0.24851351472858652
3,5,5.85,0.6212837868214651,-0.3727702720928791
4,4,5.85,0.4970270294571713,-0.4970270294571713
5,3,5.85,0.37277027209287833,-0.6212837868214638
6,2,5.85,0.248513514728631,-0.745540544185893
7,1,5.85,0.12425675736429245,-0.8697973015500471
1,7,5.9,0.8700575097845025,-0.12429392996921462
2,6,5.9,0.7457635798150724,-0.24858785993835747
3,5,5.9,0.6214696498458927,-0.3728817899075357
4,4,5.9,0.4971757199124495,-0.4971757199124495
5,3,5.9,0.3728817899075349,-0.6214696498458915
6,2,5.9,0.24858785993839222,-0.7457635798151766
7,1,5.9,0.124293929969178,-0.870057509784246
1,7,5.95,0.8703044559127312,-0.12432920798753304
2,6,5.95,0.7459752479250499,-0.24865841597501656
3,5,5.95,0.6216460399375405,-0.37298762396252433
4,4,5.95,0.4973168319786136,-0.4973168319786136
5,3,5.95,0.3729876239625235,-0.6216460399375392
6,2,5.95,0.24865841597504368,-0.745975247925131
7,1,5.95,0.12432920798750755,-0.8703044559125528
1,7,6.,0.8705388373961687,-0.12436269105659553
2,6,6.,0.7461761463394704,-0.24872538211315684
3,5,6.,0.6218134552828912,-0.3730880731697347
4,4,6.,0.49745076424917206,-0.49745076424917206
5,3,6.,0.373088073169734,-0.62181345528289
6,2,6.,0.24872538211317785,-0.7461761463395336
7,1,6.,0.12436269105657771,-0.870538837396044
1,7,6.05,0.8707613131590195,-0.12439447330843134
2,6,6.05,0.7463668398505168,-0.2487889466168389
3,5,6.05,0.6219723665420966,-0.37318341992525794
4,4,6.05,0.4975778932519597,-0.4975778932519597
5,3,6.05,0.37318341992525716,-0.6219723665420953
6,2,6.05,0.24878894661685522,-0.7463668398505655
7,1,6.05,0.1243944733084188,-0.8707613131589316
1,7,6.1000000000000005,0.8709725058766203,-0.12442464369666005
2,6,6.1000000000000005,0.7465478621799105,-0.24884928739330353
3,5,6.1000000000000005,0.6221232184832581,-0.3732739310899549
4,4,6.1000000000000005,0.4976985748012283,-0.4976985748012283
5,3,6.1000000000000005,0.3732739310899541,-0.6221232184832569
6,2,6.1000000000000005,0.24884928739331613,-0.7465478621799483
7,1,6.1000000000000005,0.12442464369665111,-0.8709725058765577
1,7,6.15,0.8711730041142001,-0.12445328630202857
2,6,6.15,0.746719717812137,-0.24890657260404564
3,5,6.15,0.6222664315101134,-0.37335985890606804
4,4,6.15,0.49781314521978454,-0.49781314521978454
5,3,6.15,0.37335985890606727,-0.6222664315101122
6,2,6.15,0.24890657260405527,-0.7467197178121658
7,1,6.15,0.12445328630202215,-0.8711730041141551
1,7,6.2,0.8713633643272549,-0.12448048061817926
2,6,6.2,0.7468828837090514,-0.2489609612363505
3,5,6.2,0.6224024031946073,-0.37344144191676437
4,4,6.2,0.4979219224820524,-0.4979219224820524
5,3,6.2,0.3734414418545245,-0.6224024030908742
6,2,6.2,0.24896096123635778,-0.7468828837090734
7,1,6.2,0.12448048061958329,-0.8713633643370831
1,7,6.25,0.8715441127335062,-0.12450630181907231
2,6,6.25,0.7470378110924197,-0.24901260369747324
3,5,6.25,0.6225315091824568,-0.3735189055094741
4,4,6.25,0.49802520728375615,-0.49802520728375615
5,3,6.25,0.37351890545720723,-0.6225315090953454
6,2,6.25,0.24901260363814443,-0.7470378109144333
7,1,6.25,0.12450630182016488,-0.8715441127411542
1,7,6.3,0.8717157470656077,-0.12453082100937253
2,6,6.3,0.7471849262064413,-0.24906164206881376
3,5,6.3,0.6226541051200489,-0.37359246307202937
4,4,6.3,0.49812328404346223,-0.49812328404346223
5,3,6.3,0.3735924630281105,-0.6226541050468508
6,2,6.3,0.24906164201874514,-0.7471849260562354
7,1,6.3,0.12453082101022271,-0.8717157470715589
1,7,6.3500000000000005,0.8718787382130383,-0.12455410545900546
2,6,6.3500000000000005,0.7473246328808654,-0.24910821096028843
3,5,6.3500000000000005,0.6227705273565626,-0.3736623164139375
4,4,6.3500000000000005,0.4982164218407979,-0.4982164218407979
5,3,6.3500000000000005,0.373662316377011,-0.6227705272950183
6,2,6.3500000000000005,0.24910821091801097,-0.7473246327540329
7,1,6.3500000000000005,0.12455410545966698,-0.871878738217669
1,7,6.4,0.8720335317609461,-0.12457621882299232
2,6,6.4,0.7474573130451081,-0.2491524376817027
3,5,6.4,0.622881094166731,-0.3737286565000386
4,4,6.4,0.49830487529578843,-0.49830487529578843
5,3,6.4,0.3737286564689726,-0.6228810941149543
6,2,6.4,0.24915243764598455,-0.7474573129379537
7,1,6.4,0.12457621882350702,-0.8720335317645491
1,7,6.45,0.8721805494331123,-0.12459722134758745
2,6,6.45,0.7475833281761024,-0.24919444272536748
3,5,6.45,0.6229861067815166,-0.37379166406890996
4,4,6.45,0.4983888853934038,-0.4983888853934038
5,3,6.45,0.37379166404275904,-0.6229861067379316
6,2,6.45,0.24919444269517488,-0.7475833280855246
7,1,6.45,0.12459722134798794,-0.8721805494359156
1,7,6.5,0.872320190445638,-0.1246171700636626
2,6,6.5,0.7477030204585806,-0.24923434015286022
3,5,6.5,0.6230858503550185,-0.3738515102130111
4,4,6.5,0.49846868025709196,-0.49846868025709196
5,3,6.5,0.37385151019098484,-0.623085850318308
6,2,6.5,0.2492343401273249,-0.7477030203819747
7,1,6.5,0.12461717006397412,-0.8723201904478189
1,7,6.55,0.8724528327774552,-0.12463611896820789
2,6,6.55,0.7478167138740685,-0.24927223795802284
3,5,6.55,0.6231805948719729,-0.37390835692318375
4,4,6.55,0.4985444758747835,-0.4985444758747835
5,3,6.55,0.3739083569046212,-0.6231805948410354
6,2,6.55,0.2492722379364154,-0.7478167138092461
7,1,6.55,0.12463611896845023,-0.8724528327791515
1,7,6.6000000000000005,0.872578834363301,-0.12465411919475727
2,6,6.6000000000000005,0.7479247152234214,-0.24930823840780714
3,5,6.6000000000000005,0.6232705959998701,-0.3739623575999221
4,4,6.6000000000000005,0.49861647678058946,-0.49861647678058946
5,3,6.6000000000000005,0.3739623575842697,-0.6232705959737829
6,2,6.6000000000000005,0.24930823838951405,-0.7479247151685421
7,1,6.6000000000000005,0.12465411919494578,-0.8725788343646204
1,7,6.65,0.8726985342143659,-0.12467121917348085
2,6,6.65,0.7480273150873672,-0.2493424383624557
3,5,6.65,0.6233560958894105,-0.3740136575336463
4,4,6.65,0.49868487669517053,-0.49868487669517053
5,3,6.65,0.37401365755327076,-0.6233560959221179
6,2,6.65,0.24934243834696107,-0.7480273150408832
7,1,6.65,0.12467121917362742,-0.8726985342153919
1,7,6.7,0.8728122534714385,-0.12468746478163409
2,6,6.7,0.748124788729194,-0.24937492957639798
3,5,6.7,0.6234373239267463,-0.3740623943560478
4,4,6.7,0.49874985912753295,-0.49874985912753295
5,3,6.7,0.3740623943735008,-0.6234373239558347
6,2,6.7,0.24937492956326743,-0.7481247886898021
7,1,6.7,0.124687464781748,-0.8728122534722359
1,7,6.75,0.8729202963950112,-0.12470289948500161
2,6,6.75,0.7482173969434047,-0.24940579898113488
3,5,6.75,0.6235144974406966,-0.37410869846441797
4,4,6.75,0.4988115979408027,-0.4988115979408027
5,3,6.75,0.3741086984799069,-0.6235144974665116
6,2,6.75,0.24940579897000234,-0.748217396910007
7,1,6.75,0.12470289948509011,-0.8729202963956307
1,7,6.800000000000001,0.8730229512964895,-0.12471756447092706
2,6,6.800000000000001,0.7483053868538883,-0.2494351289512961
3,5,6.800000000000001,0.6235878223678925,-0.3741526934207355
4,4,6.800000000000001,0.4988702578843445,-0.4988702578843445
5,3,6.800000000000001,0.3741526934344547,-0.6235878223907578
6,2,6.800000000000001,0.2494351289418532,-0.7483053868255598
7,1,6.800000000000001,0.12471756447099583,-0.8730229512969707
1,7,6.8500000000000005,0.873120491414337,-0.12473149877347671
2,6,6.8500000000000005,0.7483889926648967,-0.24946299755496554
3,5,6.8500000000000005,0.6236574938785915,-0.3741944963271549
4,4,6.8500000000000005,0.4989259950944149,-0.4989259950944149
5,3,6.8500000000000005,0.37419449633928514,-0.6236574938988085
6,2,6.8500000000000005,0.24946299754695234,-0.7483889926408571
7,1,6.8500000000000005,0.12473149877353003,-0.8731204914147102
1,7,6.9,0.8732131757387158,-0.12474473939124511
2,6,6.9,0.7484684363678767,-0.24948947878929223
3,5,6.9,0.623723696965706,-0.3742342181794236
4,4,6.9,0.4989789575653863,-0.4989789575653863
5,3,6.9,0.37423421819013175,-0.623723696983553
6,2,6.9,0.24948947878248925,-0.7484684363474677
7,1,6.9,0.12474473939128651,-0.8732131757390055
1,7,6.95,0.8733012497879358,-0.12475732139827655
2,6,6.95,0.7485439284069902,-0.24951464280233007
3,5,6.95,0.6237866069994058,-0.3742719641996434
4,4,6.95,0.49902928559343024,-0.49902928559343024
5,3,6.95,0.3742719642090823,-0.6237866070151372
6,2,6.95,0.249514642796552,-0.7485439283896561
7,1,6.95,0.12475732139830857,-0.8733012497881599
1,7,7.,0.8733849463397705,-0.12476927804853864
2,6,7.,0.7486156683059576,-0.2495385561019858
3,5,7.,0.623846390249486,-0.3743078341496916
4,4,7.,0.49907711219441314,-0.49907711219441314
5,3,7.,0.3743078341580002,-0.6238463902633336
6,2,7.,0.24953855609707618,-0.7486156682912286
7,1,7.,0.12476927804856344,-0.8733849463399441
1,7,7.050000000000001,0.8734644861205062,-0.12478064087435803
2,6,7.050000000000001,0.748683845258665,-0.24956128175288833
3,5,7.050000000000001,0.6239032043775442,-0.3743419226265265
4,4,7.050000000000001,0.49912256349763845,-0.49912256349763845
5,3,7.050000000000001,0.37434192263383104,-0.6239032043897184
6,2,7.050000000000001,0.2495612817487149,-0.7486838452461447
7,1,7.050000000000001,0.12478064087437718,-0.8734644861206402
1,7,7.1000000000000005,0.8735400784543738,-0.12479143977919625
2,6,7.1000000000000005,0.7487486386858211,-0.24958287956194034
3,5,7.1000000000000005,0.6239571989008573,-0.37437431934051435
4,4,7.1000000000000005,0.49916575911694944,-0.49916575911694944
5,3,7.1000000000000005,0.3743743193469289,-0.6239571989115482
6,2,7.1000000000000005,0.24958287955839126,-0.7487486386751738
7,1,7.1000000000000005,0.12479143977921096,-0.8735400784544767
1,7,7.15,0.8736119218758353,-0.12480170312511932
2,6,7.15,0.7488102187597696,-0.24960340625325655
3,5,7.15,0.6240085156297305,-0.3744051093778382
4,4,7.15,0.4992068125006081,-0.4992068125006081
5,3,7.15,0.374405109383465,-0.6240085156391083
6,2,7.15,0.24960340625023741,-0.7488102187507122
7,1,7.15,0.12480170312513059,-0.8736119218759141
1,7,7.2,0.8736802047070279,-0.1248114578152897
2,6,7.2,0.7488687468994428,-0.2496229156331476
3,5,7.2,0.6240572890799547,-0.3744343734479728
4,4,7.2,0.49924583126126304,-0.49924583126126304
5,3,7.2,0.37443437345290365,-0.6240572890881727
6,2,7.2,0.24962291563057815,-0.7488687468917344
7,1,7.2,0.12481145781529832,-0.8736802047070882
1,7,7.25,0.8737451056025124,-0.1248207293717875
2,6,7.25,0.7489243762372839,-0.2496414587457613
3,5,7.25,0.624103646861913,-0.37446218811714777
4,4,7.25,0.499282917487233,-0.499282917487233
5,3,7.25,0.3744621881214646,-0.6241036468691077
6,2,7.25,0.24964145874357374,-0.7489243762307214
7,1,7.25,0.12482072937179403,-0.8737451056025582
1,7,7.300000000000001,0.8738067940633205,-0.12482954200904577
2,6,7.300000000000001,0.7489772520598603,-0.2496590840199535
3,5,7.300000000000001,0.6241477100477546,-0.3744886260286528
4,4,7.300000000000001,0.49931816803624923,-0.49931816803624923
5,3,7.300000000000001,0.374488626032429,-0.6241477100540483
6,2,7.300000000000001,0.24965908401809034,-0.7489772520542709
7,1,7.300000000000001,0.1248295420090507,-0.8738067940633548
1,7,7.3500000000000005,0.8738654309221706,-0.12483791870316721
2,6,7.3500000000000005,0.7490275122237614,-0.2496758374079205
3,5,7.3500000000000005,0.624189593517981,-0.3745137561107886
4,4,7.3500000000000005,0.4993516748127212,-0.4993516748127212
5,3,7.3500000000000005,0.374513756114089,-0.6241895935234817
6,2,7.3500000000000005,0.24967583740633312,-0.7490275122189994
7,1,7.3500000000000005,0.12483791870317086,-0.8738654309221962
1,7,7.4,0.8739211688015923,-0.12484588125737033
2,6,7.4,0.7490752875482769,-0.2496917625160923
3,5,7.4,0.624229406288674,-0.37453764377320437
4,4,7.4,0.4993835250295228,-0.4993835250295228
5,3,7.4,0.3745376437760868,-0.624229406293478
6,2,7.4,0.2496917625147394,-0.7490752875442181
7,1,7.4,0.12484588125737303,-0.8739211688016113
1,7,7.45,0.8739741525465878,-0.12485345036379826
2,6,7.45,0.7491207021862462,-0.2497069007287487
3,5,7.45,0.6242672518205401,-0.37456035109232405
4,4,7.45,0.4994138014552259,-0.4994138014552259
5,3,7.45,0.37456035109483965,-0.6242672518247327
6,2,7.45,0.24970690072759524,-0.7491207021827857
7,1,7.45,0.1248534503638002,-0.8739741525466014
1,7,7.5,0.8740245196333438,-0.12486064566190629
2,6,7.5,0.749163873974385,-0.249721291324795
3,5,7.5,0.624303228310848,-0.37458193698650877
4,4,7.5,0.4994425826476509,-0.4994425826476509
5,3,7.5,0.37458193698870285,-0.6243032283145048
6,2,7.5,0.24972129132381127,-0.7491638739714338
7,1,7.5,0.12486064566190759,-0.8740245196333531
1,7,7.550000000000001,0.8740724005554201,-0.12486748579363144
2,6,7.550000000000001,0.7492049147643027,-0.24973497158810093
3,5,7.550000000000001,0.6243374289692771,-0.3746024573815663
4,4,7.550000000000001,0.4994699431745461,-0.4994699431745461
5,3,7.550000000000001,0.37460245738347847,-0.6243374289724641
6,2,7.550000000000001,0.24973497158726163,-0.7492049147617849
7,1,7.550000000000001,0.12486748579363231,-0.8740724005554262
1,7,7.6000000000000005,0.874117919188741,-0.12487398845553442
2,6,7.6000000000000005,0.7492439307353517,-0.24974797691178383
3,5,7.6000000000000005,0.624369942278625,-0.374621965367175
4,4,7.6000000000000005,0.49949595382215367,-0.49949595382215367
5,3,7.6000000000000005,0.3746219653688406,-0.624369942281401
6,2,7.6000000000000005,0.24974797693797984,-0.7492439308139396
7,1,7.6000000000000005,0.12487398845553492,-0.8741179191887445
1,7,7.65,0.8741611931366314,-0.12488017044809022
2,6,7.65,0.7492810226903718,-0.2497603408967906
3,5,7.65,0.6244008522412619,-0.37464051134475707
4,4,7.65,0.49952068179237324,-0.49952068179237324
5,3,7.65,0.37464051134620713,-0.6244008522436786
6,2,7.65,0.2497603409193695,-0.7492810227581086
7,1,7.65,0.12488017044809045,-0.8741611931366331
1,7,7.7,0.874202334056064,-0.12488604772229485
2,6,7.7,0.7493162863353319,-0.24977209544511061
3,5,7.7,0.6244302386121645,-0.3746581431672987
4,4,7.7,0.49954419088918894,-0.49954419088918894
5,3,7.7,0.3746581431685605,-0.6244302386142674
6,2,7.7,0.24977209546457085,-0.7493162863937126
7,1,7.7,0.12488604772229482,-0.8742023340560638
1,7,7.75,0.874241447966204,-0.12489163542374343
2,6,7.75,0.749349812543795,-0.24978327084793164
3,5,7.75,0.6244581771193048,-0.37467490627158295
4,4,7.75,0.499566541694981,-0.499566541694981
5,3,7.75,0.3746749062726802,-0.6244581771211337
6,2,7.75,0.2497832708647033,-0.7493498125941099
7,1,7.75,0.12489163542374325,-0.8742414479662027
1,7,7.800000000000001,0.8742786355402767,-0.12489694793432524
2,6,7.800000000000001,0.7493816876070912,-0.24979389586903042
3,5,7.800000000000001,0.6244847396721267,-0.37469084380327605
4,4,7.800000000000001,0.49958779173730633,-0.49958779173730633
5,3,7.800000000000001,0.37469084380422985,-0.6244847396737164
6,2,7.800000000000001,0.24979389588348425,-0.7493816876504527
7,1,7.800000000000001,0.1248969479343249,-0.8742786355402743
1,7,7.8500000000000005,0.8743139923817116,-0.1249019989116731
2,6,7.8500000000000005,0.7494119934710124,-0.24980399782367083
3,5,7.8500000000000005,0.6245099945587921,-0.37470599673527527
4,4,7.8500000000000005,0.4996079956466965,-0.4996079956466965
5,3,7.8500000000000005,0.37470599673610394,-0.6245099945601733
6,2,7.8500000000000005,0.24980399783612656,-0.7494119935083797
7,1,7.8500000000000005,0.12490199891167271,-0.8743139923817089
1,7,7.9,0.8743476092854645,-0.12490680132649494
2,6,7.9,0.7494408079598017,-0.24981360265326724
3,5,7.9,0.6245340066328383,-0.374720403979703
4,4,7.9,0.49962720530598265,-0.49962720530598265
5,3,7.9,0.3747204039804226,-0.6245340066340378
6,2,7.9,0.24981360266400074,-0.7494408079920022
7,1,7.9,0.12490680132649447,-0.8743476092854613
1,7,7.95,0.8743795724853557,-0.12491136749790793
2,6,7.95,0.7494682049881587,-0.24982273499605293
3,5,7.95,0.6245568374898496,-0.37473410249390976
4,4,7.95,0.4996454699916337,-0.4996454699916337
5,3,7.95,0.3747341024945345,-0.6245568374908907
6,2,7.95,0.24982273500530183,-0.7494682050159055
7,1,7.95,0.12491136749790739,-0.8743795724853517
1,7,8.,0.8744099638882189,-0.12491570912688843
2,6,8.,0.7494942547619385,-0.2498314182539795
3,5,8.,0.6245785456347064,-0.3747471273808239
4,4,8.,0.4996628365075549,-0.4996628365075549
5,3,8.,0.3747471273813659,-0.6245785456356098
6,2,8.,0.2498314182619488,-0.7494942547858464
7,1,8.,0.12491570912688783,-0.8744099638882149
1,7,8.05,0.8744388612956048,-0.12491983732794355
2,6,8.05,0.7495190239681814,-0.24983967465606044
3,5,8.05,0.624599186639943,-0.3747595119839658
4,4,8.05,0.4996793493117749,-0.4996793493117749
5,3,8.05,0.374759511984436,-0.6245991866407268
6,2,8.05,0.2498396746629269,-0.7495190239887808
7,1,8.05,0.1249198373279429,-0.8744388612956003
1,7,8.100000000000001,0.8744663386137292,-0.12492376265910417
2,6,8.100000000000001,0.7495425759550698,-0.24984752531835663
3,5,8.100000000000001,0.6246188132957132,-0.374771287977428
4,4,8.100000000000001,0.4996950506364171,-0.4996950506364171
5,3,8.100000000000001,0.3747712879778356,-0.6246188132963927
6,2,8.100000000000001,0.2498475253242727,-0.7495425759728181
7,1,8.100000000000001,0.12492376265910354,-0.8744663386137248
1,7,8.15,0.8744924660523309,-0.124927495150333
2,6,8.15,0.7495649709023784,-0.24985499030079278
3,5,8.15,0.6246374757518289,-0.3747824854510974
4,4,8.15,0.4997099806013319,-0.4997099806013319
5,3,8.15,0.3747824854514508,-0.6246374757524181
6,2,8.15,0.24985499030588987,-0.7495649709176696
7,1,8.15,0.12492749515033234,-0.8744924660523264
1,7,8.2,0.8745173103130485,-0.1249310443304355
2,6,8.2,0.7495862659829382,-0.24986208866097942
3,5,8.2,0.6246552216523173,-0.3747931329913904
4,4,8.2,0.4997241773217416,-0.4997241773217416
5,3,8.2,0.37479313299169664,-0.6246552216528277
6,2,8.2,0.24986208866537066,-0.7495862659961119
7,1,8.2,0.12493104433043482,-0.8745173103130438
1,7,8.25,0.8745409347678988,-0.12493441925255698
2,6,8.25,0.7496065155156203,-0.24986883850520675
3,5,8.25,0.6246720962629042,-0.3748032577577425
4,4,8.25,0.49973767701022725,-0.49973767701022725
5,3,8.25,0.37480325775800766,-0.6246720962633461
6,2,8.25,0.24986883850898967,-0.749606515526969
7,1,8.25,0.12493441925255624,-0.8745409347678937
1,7,8.3,0.8745633996284035,-0.12493762851834335
2,6,8.3,0.7496257711102982,-0.24987525703676602
3,5,8.3,0.6246881425918184,-0.374812885555091
4,4,8.3,0.4997505140733725,-0.4997505140733725
5,3,8.3,0.37481288555532066,-0.6246881425922012
6,2,8.3,0.2498752570400249,-0.7496257711200746
7,1,8.3,0.12493762851834261,-0.8745633996283982
1,7,8.350000000000001,0.8745847621058722,-0.12494068030083891
2,6,8.350000000000001,0.7496440818052373,-0.2498813606017458
3,5,8.350000000000001,0.6247034015042813,-0.37482204090256876
4,4,8.350000000000001,0.4997627212033546,-0.4997627212033546
5,3,8.350000000000001,0.37482204090276744,-0.6247034015046126
6,2,8.350000000000001,0.24988136060455296,-0.7496440818136589
7,1,8.350000000000001,0.12494068030083816,-0.8745847621058671
1,7,8.4,0.8746050765633328,-0.1249435823661904
2,6,8.4,0.749661494197317,-0.249887164732439
3,5,8.4,0.624717911831026,-0.37483074709861564
4,4,8.4,0.49977432946476047,-0.49977432946476047
5,3,8.4,0.37483074709878755,-0.6247179118313126
6,2,8.4,0.24988716473485706,-0.7496614942045713
7,1,8.4,0.12494358236618965,-0.8746050765633275
1,7,8.45,0.8746243946595541,-0.12494634209422202
2,6,8.45,0.7496780525654815,-0.24989268418849384
3,5,8.45,0.624731710471173,-0.3748390262827038
4,4,8.45,0.49978536837688686,-0.49978536837688686
5,3,8.45,0.37483902628285276,-0.6247317104714212
6,2,8.45,0.2498926841905767,-0.74967805257173
7,1,8.45,0.12494634209422126,-0.8746243946595488
1,7,8.5,0.8746427654855996,-0.12494896649794279
2,6,8.5,0.7496937989877848,-0.24989793299592825
3,5,8.5,0.6247448324897679,-0.37484689949386074
4,4,8.5,0.4997958659917699,-0.4997958659917699
5,3,8.5,0.37484689949398936,-0.6247448324899822
6,2,8.5,0.24989793299772226,-0.7496937989931668
7,1,8.5,0.12494896649794204,-0.8746427654855944
1,7,8.55,0.87466023569431,-0.12495146224204426
2,6,8.55,0.7497087734523751,-0.24990292448412502
3,5,8.55,0.6247573112102672,-0.3748543867261603
4,4,8.55,0.49980584896817576,-0.49980584896817576
5,3,8.55,0.37485438672627147,-0.6247573112104525
6,2,8.55,0.24990292448567014,-0.7497087734570105
7,1,8.55,0.12495146224204351,-0.8746602356943046
1,7,8.600000000000001,0.8746768496230951,-0.12495383566044216
2,6,8.600000000000001,0.7497230139627469,-0.2499076713209156
3,5,8.600000000000001,0.62476917830225,-0.37486150698135
4,4,8.600000000000001,0.49981534264176736,-0.49981534264176736
5,3,8.600000000000001,0.37486150698144616,-0.6247691783024102
6,2,8.600000000000001,0.24990767132224634,-0.749723013966739
7,1,8.600000000000001,0.12495383566044142,-0.87467684962309
1,7,8.65,0.8746926494104004,-0.12495609277291433
2,6,8.65,0.7497365566375662,-0.24991218554585543
3,5,8.65,0.624780463864605,-0.37486827831876296
4,4,8.65,0.49982437109165595,-0.49982437109165595
5,3,8.65,0.374868278318846,-0.6247804638647434
6,2,8.65,0.24991218554700148,-0.7497365566410045
7,1,8.65,0.12495609277291361,-0.8746926494103952
1,7,8.7,0.8747076751061769,-0.12495823930088239
2,6,8.7,0.7497494358053629,-0.24991647860178764
3,5,8.7,0.6247911965044403,-0.37487471790266413
4,4,8.7,0.4998329572035281,-0.4998329572035281
5,3,8.7,0.37487471790273585,-0.6247911965045597
6,2,8.7,0.24991647860277466,-0.749749435808324
7,1,8.7,0.12495823931128575,-0.8747076751790002
1,7,8.75,0.8747219647766832,-0.12496028068238331
2,6,8.75,0.7497616840943586,-0.2499205613647862
3,5,8.75,0.6248014034119406,-0.3748808420471644
4,4,8.75,0.4998411227295318,-0.4998411227295318
5,3,8.75,0.37488084204722616,-0.6248014034120436
6,2,8.75,0.24992056136563615,-0.7497616840969084
7,1,8.75,0.124960280691337,-0.8747219648393589
1,7,8.8,0.8747355546039172,-0.12496222208627386
2,6,8.8,0.7497733325176935,-0.24992444417256449
3,5,8.8,0.6248111104313896,-0.37488666625883377
4,4,8.8,0.49984888834509394,-0.49984888834509394
5,3,8.8,0.3748866662588872,-0.6248111104314787
6,2,8.8,0.2499244441732964,-0.7497733325198892
7,1,8.8,0.12496222209397989,-0.8747355546578592
1,7,8.850000000000001,0.8747484789799597,-0.12496406842570851
2,6,8.850000000000001,0.7497844105542942,-0.24992813685143142
3,5,8.850000000000001,0.62482034212856,-0.37489220527713596
4,4,8.850000000000001,0.49985627370283264,-0.49985627370283264
5,3,8.850000000000001,0.3748922052771819,-0.6248203421286366
6,2,8.850000000000001,0.24992813685206156,-0.7497844105561848
7,1,8.850000000000001,0.12496406843234077,-0.8747484790263854
1,7,8.9,0.8747607705965049,-0.12496582437092929
2,6,8.9,0.7497949462256124,-0.2499316487418708
3,5,8.9,0.6248291218546611,-0.37489747311279664
4,4,8.9,0.49986329748371566,-0.49986329748371566
5,3,8.9,0.3748974731128363,-0.6248291218547272
6,2,8.9,0.24993164874241341,-0.7497949462272402
7,1,8.9,0.12496582437663739,-0.8747607706364617
1,7,8.95,0.8747724605298245,-0.1249674943614035
2,6,8.95,0.7498049661684525,-0.2499349887228175
3,5,8.95,0.62483747180703,-0.374902483084218
4,4,8.95,0.4998699774456125,-0.4998699774456125
5,3,8.95,0.3749024830842521,-0.6248374718070868
6,2,8.95,0.24993498872328468,-0.749804966169854
7,1,8.95,0.12496749436631624,-0.8747724605642136
1,7,9.,0.8747835783214111,-0.12496908261734442
2,6,9.,0.7498144957040935,-0.24993816523469786
3,5,9.,0.6248454130867327,-0.3749072478520396
4,4,9.,0.49987633046937635,-0.49987633046937635
5,3,9.,0.374907247852069,-0.6248454130867817
6,2,9.,0.2499381652351,-0.7498144957053
7,1,9.,0.12496908262157261,-0.8747835783510083
1,7,9.05,0.8747941520545239,-0.12497059315064626
2,6,9.05,0.7498235589039006,-0.24994118630130022
3,5,9.05,0.6248529657532402,-0.37491177945194415
4,4,9.05,0.49988237260258367,-0.49988237260258367
5,3,9.05,0.3749117794519694,-0.6248529657532823
6,2,9.05,0.24994118630164647,-0.7498235589049393
7,1,9.05,0.1249705931542853,-0.874794152079997
1,7,9.100000000000001,0.8748042084268528,-0.12497202977526468
2,6,9.100000000000001,0.7498321786516077,-0.2499440595505359
3,5,9.100000000000001,0.6248601488763308,-0.37491608932579845
4,4,9.100000000000001,0.4998881191010572,-0.4998881191010572
5,3,9.100000000000001,0.3749160893258202,-0.624860148876367
6,2,9.100000000000001,0.2499440595508339,-0.7498321786525016
7,1,9.100000000000001,0.12497202977839661,-0.8748042084487762
1,7,9.15,0.8748137728195016,-0.12497339611707164
2,6,9.15,0.7498403767024464,-0.2499467922341488
3,5,9.15,0.6248669805853642,-0.3749201883512185
4,4,9.15,0.49989358446828497,-0.49989358446828497
5,3,9.15,0.37492018835123725,-0.6248669805853954
6,2,9.15,0.24994679223440533,-0.7498403767032159
7,1,9.15,0.12497339611976714,-0.87481377283837
1,7,9.2,0.874822869362483,-0.12497469562321184
2,6,9.2,0.749848173739285,-0.24994939124642834
3,5,9.2,0.6248734781160644,-0.37492408686963863
4,4,9.2,0.49989878249284586,-0.49989878249284586
5,3,9.2,0.3749240868696545,-0.6248734781160908
6,2,9.2,0.24994939124664917,-0.7498481737399475
7,1,9.2,0.1249746956255317,-0.874822869378722
1,7,9.25,0.8748315209969074,-0.12497593157098677
2,6,9.25,0.7498555894259329,-0.2499518631419776
3,5,9.25,0.6248796578549379,-0.3749277947129627
4,4,9.25,0.4999037262839456,-0.4999037262839456
5,3,9.25,0.37492779471297655,-0.624879657854961
6,2,9.25,0.24995186314216752,-0.7498555894265025
7,1,9.25,0.12497593157298335,-0.8748315210108835
1,7,9.3,0.8748397495340341,-0.12497710707629058
2,6,9.3,0.7498626424577538,-0.2499542141525846
3,5,9.3,0.6248855353814562,-0.3749313212288737
4,4,9.3,0.49990842830516063,-0.49990842830516063
5,3,9.3,0.3749313212288854,-0.6248855353814756
6,2,9.3,0.2499542141527479,-0.7498626424582437
7,1,9.3,0.12497710707800888,-0.8748397495460623
1,7,9.350000000000001,0.8748475757113469,-0.124978225101621
2,6,9.350000000000001,0.749869350609735,-0.24995645020324497
3,5,9.350000000000001,0.6248911255081079,-0.3749346753048647
4,4,9.350000000000001,0.49991290040648245,-0.49991290040648245
5,3,9.350000000000001,0.37493467530487473,-0.6248911255081245
6,2,9.350000000000001,0.24995645020338547,-0.7498693506101565
7,1,9.350000000000001,0.12497822510309986,-0.874847575721699
1,7,9.4,0.8748550192458139,-0.12497928846368771
2,6,9.4,0.7498757307821338,-0.2499585769273779
3,5,9.4,0.6248964423184408,-0.37493786539106455
4,4,9.4,0.4999171538547493,-0.4999171538547493
5,3,9.4,0.37493786539107304,-0.6248964423184551
6,2,9.4,0.24995857692749873,-0.7498757307824963
7,1,9.4,0.12497928846496048,-0.8748550192547233
1,7,9.45,0.8748620988844654,-0.12498029984063792
2,6,9.45,0.749881799043834,-0.249960599681278
3,5,9.45,0.6249014992031913,-0.37494089952191473
4,4,9.45,0.49992119936255014,-0.49992119936255014
5,3,9.45,0.37494089952192206,-0.6249014992032035
6,2,9.45,0.2499605996813819,-0.7498817990441456
7,1,9.45,0.12498029984173327,-0.874862098892133
1,7,9.5,0.874868832452438,-0.1249812617789197
2,6,9.5,0.7498875706735236,-0.24996252355784118
3,5,9.5,0.6249063088945997,-0.3749437853367598
4,4,9.5,0.49992504711567726,-0.49992504711567726
5,3,9.5,0.374943785336766,-0.62490630889461
6,2,9.5,0.24996252355793053,-0.7498875706737916
7,1,9.5,0.12498126177986234,-0.8748688324590363
1,7,9.55,0.8748752368986076,-0.12498217669980108
2,6,9.55,0.7498930601988109,-0.2499643533996036
3,5,9.55,0.6249108834990064,-0.3749465300994038
4,4,9.55,0.4999287067992027,-0.4999287067992027
5,3,9.55,0.374946530099409,-0.6249108834990149
6,2,9.55,0.2499643533996804,-0.7498930601990412
7,1,9.55,0.1249821767006123,-0.874875236904286
1,7,9.600000000000001,0.87488132833894,-0.12498304690556285
2,6,9.600000000000001,0.7498982814333808,-0.24996609381112697
3,5,9.600000000000001,0.624915234527815,-0.37494914071668894
4,4,9.600000000000001,0.49993218762224984,-0.49993218762224984
5,3,9.600000000000001,0.3749491407166933,-0.6249152345278222
6,2,9.600000000000001,0.24996609381119292,-0.7498982814335787
7,1,9.600000000000001,0.12498304690626097,-0.8748813283438267
1,7,9.65,0.8748871220976712,-0.12498387458538161
2,6,9.65,0.7499032475122925,-0.24996774917076417
3,5,9.65,0.6249193729269084,-0.37495162375614505
4,4,9.65,0.4999354983415248,-0.4999354983415248
5,3,9.65,0.37495162375614854,-0.6249193729269142
6,2,9.65,0.24996774917082085,-0.7499032475124626
7,1,9.65,0.12498387458598234,-0.8748871221018765
1,7,9.7,0.8748926327464291,-0.12498466182091846
2,6,9.7,0.7499079709255134,-0.2499693236418378
3,5,9.7,0.6249233091045925,-0.37495398546275543
4,4,9.7,0.4999386472836724,-0.4999386472836724
5,3,9.7,0.3749539854627586,-0.6249233091045977
6,2,9.7,0.24996932364188645,-0.7499079709256594
7,1,9.7,0.12498466182143546,-0.8748926327500481
1,7,9.75,0.8748978741414065,-0.12498541059162949
2,6,9.75,0.7499124635497793,-0.24997082118325972
3,5,9.75,0.6249270529581475,-0.37495623177488846
4,4,9.75,0.49994164236651645,-0.49994164236651645
5,3,9.75,0.37495623177489096,-0.6249270529581517
6,2,9.75,0.2499708211833015,-0.7499124635499044
7,1,9.75,0.12498541059207435,-0.8748978741445206
1,7,9.8,0.874902859458673,-0.12498612277981042
2,6,9.8,0.7499167366788643,-0.24997224555962141
3,5,9.8,0.624930613899052,-0.3749583683394312
4,4,9.8,0.49994449111924016,-0.49994449111924016
5,3,9.8,0.3749583683394332,-0.6249306138990554
6,2,9.8,0.2499722455596572,-0.7499167366789716
7,1,9.8,0.1249861227801932,-0.8749028594613524
1,7,9.850000000000001,0.8749076012277338,-0.12498680017539054
2,6,9.850000000000001,0.7499208010523446,-0.24997360035078153
3,5,9.850000000000001,0.6249340008769524,-0.3749604005261714
4,4,9.850000000000001,0.4999472007015607,-0.4999472007015607
5,3,9.850000000000001,0.3749604005261731,-0.6249340008769552
6,2,9.850000000000001,0.2499736003508123,-0.7499208010524369
7,1,9.850000000000001,0.12498680017571993,-0.8749076012300395
1,7,9.9,0.8749121113634146,-0.12498744448048782
2,6,9.9,0.749924666882928,-0.24997488896097603
3,5,9.9,0.6249372224024387,-0.3749623334414632
4,4,9.9,0.4999497779219498,-0.4999497779219498
5,3,9.9,0.3749623334414645,-0.6249372224024409
6,2,9.9,0.24997488896100226,-0.7499246668830067
7,1,9.9,0.1249874444807712,-0.8749121113653984
1,7,9.95,0.8749164011961602,-0.12498805731373716
2,6,9.95,0.7499283438824239,-0.24997611462747463
3,5,9.95,0.6249402865686853,-0.3749641719412112
4,4,9.95,0.49995222925494714,-0.49995222925494714
5,3,9.95,0.37496417194121234,-0.6249402865686873
6,2,9.95,0.24997611462749716,-0.7499283438824915
7,1,9.95,0.12498805731398101,-0.874916401197867
1,7,10.,0.8749204815008277,-0.12498864021440395
2,6,10.,0.7499318412864242,-0.24997728042880807
3,5,10.,0.6249432010720191,-0.37496592064321144
4,4,10.,0.4999545608576142,-0.4999545608576142
5,3,10.,0.3749659206432122,-0.6249432010720203
6,2,10.,0.24997728042882728,-0.7499318412864818
7,1,10.,0.12498864021461367,-0.8749204815022956
