n1,n2,beta,s1,s2
1,9,2,1.33E-06,-1.48E-07
2,8,2,1.36E-06,-3.41E-07
3,7,2,1.79E-06,-7.66E-07
4,6,2,3.70E-06,-2.47E-06
5,5,2,1.69E-06,-1.69E-06
1,9,2.05,0.241065684,-0.026785076
2,8,2.05,0.214280608,-0.053570152
3,7,2.05,0.187495532,-0.080355228
4,6,2.05,0.160710456,-0.107140304
5,5,2.05,0.13392538,-0.13392538
1,9,2.1,0.333635159,-0.037070573
2,8,2.1,0.296564586,-0.074141147
3,7,2.1,0.259494013,-0.11121172
4,6,2.1,0.22242344,-0.148282293
5,5,2.1,0.185352866,-0.185352866
1,9,2.15,0.400115916,-0.044457324
2,8,2.15,0.355658592,-0.088914648
3,7,2.15,0.311201268,-0.133371972
4,6,2.15,0.266743944,-0.177829296
5,5,2.15,0.22228662,-0.22228662
1,9,2.2,0.452646517,-0.050294057
2,8,2.2,0.40235246,-0.100588115
3,7,2.2,0.352058402,-0.150882172
4,6,2.2,0.301764345,-0.20117623
5,5,2.2,0.251470287,-0.251470287
1,9,2.25,0.496070246,-0.055118916
2,8,2.25,0.44095133,-0.110237832
3,7,2.25,0.385832414,-0.165356749
4,6,2.25,0.330713497,-0.220475665
5,5,2.25,0.275594581,-0.275594581
1,9,2.3,0.532939473,-0.059215497
2,8,2.3,0.473723976,-0.118430994
3,7,2.3,0.414508479,-0.177646491
4,6,2.3,0.355292982,-0.236861988
5,5,2.3,0.296077485,-0.296077485
1,9,2.35,0.564808466,-0.062756496
2,8,2.35,0.50205197,-0.125512992
3,7,2.35,0.439295474,-0.188269489
4,6,2.35,0.376538977,-0.251025985
5,5,2.35,0.313782481,-0.313782481
1,9,2.4,0.592712694,-0.065856966
2,8,2.4,0.526855728,-0.131713932
3,7,2.4,0.460998762,-0.197570898
4,6,2.4,0.395141796,-0.263427864
5,5,2.4,0.32928483,-0.32928483
1,9,2.45,0.617385662,-0.068598407
2,8,2.45,0.548787255,-0.137196814
3,7,2.45,0.480188848,-0.205795221
4,6,2.45,0.411590441,-0.274393628
5,5,2.45,0.342992034,-0.342992034
1,9,2.5,0.639370605,-0.071041178
2,8,2.5,0.568329427,-0.142082357
3,7,2.5,0.497288248,-0.213123535
4,6,2.5,0.42624707,-0.284164713
5,5,2.5,0.355205892,-0.355205892
1,9,2.55,0.659083614,-0.073231513
2,8,2.55,0.585852101,-0.146463025
3,7,2.55,0.512620588,-0.219694538
4,6,2.55,0.439389076,-0.292926051
5,5,2.55,0.366157563,-0.366157563
1,9,2.6,0.676851873,-0.075205764
2,8,2.6,0.601646109,-0.150411527
3,7,2.6,0.526440346,-0.225617291
4,6,2.6,0.451234582,-0.300823055
5,5,2.6,0.376028818,-0.376028818
1,9,2.65,0.692938128,-0.076993125
2,8,2.65,0.615945002,-0.153986251
3,7,2.65,0.538951877,-0.230979376
4,6,2.65,0.461958752,-0.307972501
5,5,2.65,0.384965627,-0.384965627
1,9,2.7,0.707557033,-0.078617448
2,8,2.7,0.628939584,-0.157234896
3,7,2.7,0.550322136,-0.235852344
4,6,2.7,0.471704688,-0.314469792
5,5,2.7,0.39308724,-0.39308724
1,9,2.75,0.720886478,-0.080098498
2,8,2.75,0.640787981,-0.160196995
3,7,2.75,0.560689483,-0.240295493
4,6,2.75,0.480590986,-0.32039399
5,5,2.75,0.400492488,-0.400492488
1,9,2.8,0.733075678,-0.081452853
2,8,2.8,0.651622825,-0.162905706
3,7,2.8,0.570169972,-0.244358559
4,6,2.8,0.488717119,-0.325811412
5,5,2.8,0.407264266,-0.407264266
1,9,2.85,0.744251085,-0.082694565
2,8,2.85,0.66155652,-0.16538913
3,7,2.85,0.578861955,-0.248083695
4,6,2.85,0.49616739,-0.33077826
5,5,2.85,0.413472825,-0.413472825
1,9,2.9,0.754520826,-0.083835647
2,8,2.9,0.670685179,-0.167671295
3,7,2.9,0.586849531,-0.251506942
4,6,2.9,0.503013884,-0.335342589
5,5,2.9,0.419178237,-0.419178237
1,9,2.95,0.763978075,-0.084886453
2,8,2.95,0.679091622,-0.169772905
3,7,2.95,0.594205169,-0.254659358
4,6,2.95,0.509318716,-0.339545811
5,5,2.95,0.424432264,-0.424432264
1,9,3,0.772703673,-0.085855964
2,8,3,0.686847709,-0.171711927
3,7,3,0.600991746,-0.257567891
4,6,3,0.515135782,-0.343423855
5,5,3,0.429279818,-0.429279818
1,9,3.05,0.78076819,-0.086752021
2,8,3.05,0.694016169,-0.173504042
3,7,3.05,0.607264148,-0.260256063
4,6,3.05,0.520512127,-0.347008085
5,5,3.05,0.433760106,-0.433760106
1,9,3.1,0.788233562,-0.087581507
2,8,3.1,0.700652055,-0.175163014
3,7,3.1,0.613070548,-0.262744521
4,6,3.1,0.525489041,-0.350326028
5,5,3.1,0.437907535,-0.437907535
1,9,3.15,0.795154413,-0.08835049
2,8,3.15,0.706803922,-0.176700981
3,7,3.15,0.618453432,-0.265051471
4,6,3.15,0.530102942,-0.353401961
5,5,3.15,0.441752452,-0.441752452
1,9,3.2,0.801579131,-0.089064348
2,8,3.2,0.712514783,-0.178128696
3,7,3.2,0.623450435,-0.267193044
4,6,3.2,0.534386087,-0.356257391
5,5,3.2,0.445321739,-0.445321739
1,9,3.25,0.807550752,-0.089727861
2,8,3.25,0.717822891,-0.179455723
3,7,3.25,0.62809503,-0.269183584
4,6,3.25,0.538367168,-0.358911446
5,5,3.25,0.448639307,-0.448639307
1,9,3.3,0.813107694,-0.090345299
2,8,3.3,0.722762395,-0.180690599
3,7,3.3,0.632417096,-0.271035898
4,6,3.3,0.542071796,-0.361381197
5,5,3.3,0.451726497,-0.451726497
1,9,3.35,0.818284364,-0.090920485
2,8,3.35,0.727363879,-0.18184097
3,7,3.35,0.636443394,-0.272761455
4,6,3.35,0.545522909,-0.36368194
5,5,3.35,0.454602425,-0.454602425
1,9,3.4,0.823111674,-0.091456853
2,8,3.4,0.731654821,-0.182913705
3,7,3.4,0.640197969,-0.274370558
4,6,3.4,0.548741116,-0.365827411
5,5,3.4,0.457284263,-0.457284263
1,9,3.45,0.827617475,-0.091957497
2,8,3.45,0.735659978,-0.183914994
3,7,3.45,0.643702481,-0.275872492
4,6,3.45,0.551744983,-0.367829989
5,5,3.45,0.459787486,-0.459787486
1,9,3.5,0.831826927,-0.092425214
2,8,3.5,0.739401713,-0.184850428
3,7,3.5,0.646976499,-0.277275642
4,6,3.5,0.554551285,-0.369700856
5,5,3.5,0.462126071,-0.462126071
1,9,3.55,0.835762814,-0.092862535
2,8,3.55,0.742900279,-0.18572507
3,7,3.55,0.650037744,-0.278587605
4,6,3.55,0.557175209,-0.371450139
5,5,3.55,0.464312674,-0.464312674
1,9,3.6,0.839445815,-0.093271757
2,8,3.6,0.746174058,-0.186543514
3,7,3.6,0.652902301,-0.279815272
4,6,3.6,0.559630543,-0.373087029
5,5,3.6,0.466358786,-0.466358786
1,9,3.65,0.842894742,-0.093654971
2,8,3.65,0.74923977,-0.187309943
3,7,3.65,0.655584799,-0.280964914
4,6,3.65,0.561929828,-0.374619885
5,5,3.65,0.468274856,-0.468274856
1,9,3.7,0.846126738,-0.094014082
2,8,3.7,0.752112656,-0.188028164
3,7,3.7,0.658098574,-0.282042246
4,6,3.7,0.564084492,-0.376056328
5,5,3.7,0.47007041,-0.47007041
1,9,3.75,0.849157459,-0.094350829
2,8,3.75,0.754806631,-0.188701658
3,7,3.75,0.660455802,-0.283052486
4,6,3.75,0.566104973,-0.377403315
5,5,3.75,0.471754144,-0.471754144
1,9,3.8,0.852001226,-0.094666803
2,8,3.8,0.757334423,-0.189333606
3,7,3.8,0.662667621,-0.284000409
4,6,3.8,0.568000818,-0.378667212
5,5,3.8,0.473334015,-0.473334015
1,9,3.85,0.854671161,-0.094963462
2,8,3.85,0.759707699,-0.189926925
3,7,3.85,0.664744237,-0.284890387
4,6,3.85,0.569780774,-0.379853849
5,5,3.85,0.474817312,-0.474817312
1,9,3.9,0.857179307,-0.095242145
2,8,3.9,0.761937162,-0.19048429
3,7,3.9,0.666695016,-0.285726436
4,6,3.9,0.571452871,-0.380968581
5,5,3.9,0.476210726,-0.476210726
1,9,3.95,0.859536731,-0.095504081
2,8,3.95,0.76403265,-0.191008162
3,7,3.95,0.668528569,-0.286512244
4,6,3.95,0.573024487,-0.382016325
5,5,3.95,0.477520406,-0.477520406
1,9,4,0.861753622,-0.095750402
2,8,4,0.766003219,-0.191500805
3,7,4,0.670252817,-0.287251207
4,6,4,0.574502414,-0.38300161
5,5,4,0.478752012,-0.478752012
1,9,4.05,0.863839368,-0.095982152
2,8,4.05,0.767857216,-0.191964304
3,7,4.05,0.671875064,-0.287946456
4,6,4.05,0.575892912,-0.383928608
5,5,4.05,0.47991076,-0.47991076
1,9,4.1,0.865802634,-0.096200293
2,8,4.1,0.769602342,-0.192400585
3,7,4.1,0.673402049,-0.288600878
4,6,4.1,0.577201756,-0.384801171
5,5,4.1,0.481001463,-0.481001463
1,9,4.15,0.867651426,-0.096405714
2,8,4.15,0.771245712,-0.192811428
3,7,4.15,0.674839998,-0.289217142
4,6,4.15,0.578434284,-0.385622856
5,5,4.15,0.48202857,-0.48202857
1,9,4.2,0.869393149,-0.096599239
2,8,4.2,0.77279391,-0.193198477
3,7,4.2,0.676194671,-0.289797716
4,6,4.2,0.579595432,-0.386396955
5,5,4.2,0.482996194,-0.482996194
1,9,4.25,0.871034659,-0.096781629
2,8,4.25,0.77425303,-0.193563258
3,7,4.25,0.677471401,-0.290344886
4,6,4.25,0.580689773,-0.387126515
5,5,4.25,0.483908144,-0.483908144
1,9,4.3,0.872582313,-0.09695359
2,8,4.3,0.775628723,-0.193907181
3,7,4.3,0.678675132,-0.290860771
4,6,4.3,0.581721542,-0.387814361
5,5,4.3,0.484767952,-0.484767952
1,9,4.35,0.87404201,-0.097115779
2,8,4.35,0.776926231,-0.194231558
3,7,4.35,0.679810452,-0.291347337
4,6,4.35,0.582694673,-0.388463116
5,5,4.35,0.485578894,-0.485578894
1,9,4.4,0.875419228,-0.097268803
2,8,4.4,0.778150425,-0.194537606
3,7,4.4,0.680881622,-0.291806409
4,6,4.4,0.583612818,-0.389075212
5,5,4.4,0.486344015,-0.486344015
1,9,4.45,0.876719059,-0.097413229
2,8,4.45,0.77930583,-0.194826458
3,7,4.45,0.681892602,-0.292239686
4,6,4.45,0.584479373,-0.389652915
5,5,4.45,0.487066144,-0.487066144
1,9,4.5,0.877946243,-0.097549583
2,8,4.5,0.780396661,-0.195099165
3,7,4.5,0.682847078,-0.292648748
4,6,4.5,0.585297495,-0.39019833
5,5,4.5,0.487747913,-0.487747913
1,9,4.55,0.879105193,-0.097678355
2,8,4.55,0.781426838,-0.195356709
3,7,4.55,0.683748483,-0.293035064
4,6,4.55,0.586070128,-0.390713419
5,5,4.55,0.488391774,-0.488391774
1,9,4.6,0.88020002,-0.097800002
2,8,4.6,0.782400018,-0.195600005
3,7,4.6,0.684600016,-0.293400007
4,6,4.6,0.586800014,-0.391200009
5,5,4.6,0.489000011,-0.489000011
1,9,4.65,0.881234563,-0.097914951
2,8,4.65,0.783319611,-0.195829903
3,7,4.65,0.68540466,-0.293744854
4,6,4.65,0.587489708,-0.391659806
5,5,4.65,0.489574757,-0.489574757
1,9,4.7,0.8822124,-0.0980236
2,8,4.7,0.7841888,-0.1960472
3,7,4.7,0.6861652,-0.2940708
4,6,4.7,0.5881416,-0.3920944
5,5,4.7,0.490118,-0.490118
1,9,4.75,0.883136876,-0.09812632
2,8,4.75,0.785010557,-0.196252639
3,7,4.75,0.686884237,-0.294378959
4,6,4.75,0.588757918,-0.392505278
5,5,4.75,0.490631598,-0.490631598
1,9,4.8,0.884011118,-0.098223458
2,8,4.8,0.785787661,-0.196446915
3,7,4.8,0.687564203,-0.294670373
4,6,4.8,0.589340746,-0.39289383
5,5,4.8,0.491117288,-0.491117288
1,9,4.85,0.88483805,-0.098315339
2,8,4.85,0.786522711,-0.196630678
3,7,4.85,0.688207372,-0.294946017
4,6,4.85,0.589892033,-0.393261355
5,5,4.85,0.491576694,-0.491576694
1,9,4.9,0.885620406,-0.098402267
2,8,4.9,0.787218139,-0.196804535
3,7,4.9,0.688815872,-0.295206802
4,6,4.9,0.590413604,-0.393609069
5,5,4.9,0.492011337,-0.492011337
1,9,4.95,0.886360751,-0.098484528
2,8,4.95,0.787876223,-0.196969056
3,7,4.95,0.689391695,-0.295453584
4,6,4.95,0.590907167,-0.393938112
5,5,4.95,0.492422639,-0.492422639
1,9,5,0.887061484,-0.098562387
2,8,5,0.788499097,-0.197124774
3,7,5,0.68993671,-0.295687161
4,6,5,0.591374323,-0.394249549
5,5,5,0.492811936,-0.492811936
1,9,5.05,0.887724858,-0.098636095
2,8,5.05,0.789088763,-0.197272191
3,7,5.05,0.690452667,-0.295908286
4,6,5.05,0.591816572,-0.394544381
5,5,5.05,0.493180477,-0.493180477
1,9,5.1,0.888352983,-0.098705887
2,8,5.1,0.789647096,-0.197411774
3,7,5.1,0.690941209,-0.296117661
4,6,5.1,0.592235322,-0.394823548
5,5,5.1,0.493529435,-0.493529435
1,9,5.15,0.88894784,-0.098771982
2,8,5.15,0.790175858,-0.197543965
3,7,5.15,0.691403876,-0.296315947
4,6,5.15,0.592631894,-0.395087929
5,5,5.15,0.493859911,-0.493859911
1,9,5.2,0.889511292,-0.098834588
2,8,5.2,0.790676704,-0.197669176
3,7,5.2,0.691842116,-0.296503764
4,6,5.2,0.593007528,-0.395338352
5,5,5.2,0.49417294,-0.49417294
1,9,5.25,0.890045085,-0.098893898
2,8,5.25,0.791151186,-0.197787797
3,7,5.25,0.692257288,-0.296681695
4,6,5.25,0.59336339,-0.395575593
5,5,5.25,0.494469492,-0.494469492
1,9,5.3,0.890550862,-0.098950096
2,8,5.3,0.791600766,-0.197900192
3,7,5.3,0.69265067,-0.296850287
4,6,5.3,0.593700575,-0.395800383
5,5,5.3,0.494750479,-0.494750479
1,9,5.35,0.891030168,-0.099003352
2,8,5.35,0.792026816,-0.198006704
3,7,5.35,0.693023464,-0.297010056
4,6,5.35,0.594020112,-0.396013408
5,5,5.35,0.49501676,-0.49501676
1,9,5.4,0.891484457,-0.099053829
2,8,5.4,0.792430628,-0.198107657
3,7,5.4,0.6933768,-0.297161486
4,6,5.4,0.594322971,-0.396215314
5,5,5.4,0.495269143,-0.495269143
1,9,5.45,0.891915094,-0.099101677
2,8,5.45,0.792813417,-0.198203354
3,7,5.45,0.69371174,-0.297305031
4,6,5.45,0.594610063,-0.396406709
5,5,5.45,0.495508386,-0.495508386
1,9,5.5,0.892323369,-0.099147041
2,8,5.5,0.793176328,-0.198294082
3,7,5.5,0.694029287,-0.297441123
4,6,5.5,0.594882246,-0.396588164
5,5,5.5,0.495735205,-0.495735205
1,9,5.55,0.892710493,-0.099190055
2,8,5.55,0.793520438,-0.198380109
3,7,5.55,0.694330383,-0.297570164
4,6,5.55,0.595140328,-0.396760219
5,5,5.55,0.495950274,-0.495950274
1,9,5.6,0.893077608,-0.099230845
2,8,5.6,0.793846762,-0.198461691
3,7,5.6,0.694615917,-0.297692536
4,6,5.6,0.595385072,-0.396923381
5,5,5.6,0.496154226,-0.496154226
1,9,5.65,0.89342579,-0.099269532
2,8,5.65,0.794156258,-0.198539065
3,7,5.65,0.694886726,-0.297808597
4,6,5.65,0.595617194,-0.397078129
5,5,5.65,0.496347661,-0.496347661
1,9,5.7,0.893756056,-0.099306228
2,8,5.7,0.794449828,-0.198612457
3,7,5.7,0.695143599,-0.297918685
4,6,5.7,0.595837371,-0.397224914
5,5,5.7,0.496531142,-0.496531142
1,9,5.75,0.894069361,-0.09934104
2,8,5.75,0.794728321,-0.19868208
3,7,5.75,0.695387281,-0.29802312
4,6,5.75,0.596046241,-0.397364161
5,5,5.75,0.496705201,-0.496705201
1,9,5.8,0.89436661,-0.099374068
2,8,5.8,0.794992542,-0.198748135
3,7,5.8,0.695618474,-0.298122203
4,6,5.8,0.596244406,-0.397496271
5,5,5.8,0.496870339,-0.496870339
1,9,5.85,0.894648653,-0.099405406
2,8,5.85,0.795243247,-0.198810812
3,7,5.85,0.695837841,-0.298216218
4,6,5.85,0.596432435,-0.397621624
5,5,5.85,0.497027029,-0.497027029
1,9,5.9,0.894916296,-0.099435144
2,8,5.9,0.795481152,-0.198870288
3,7,5.9,0.696046008,-0.298305432
4,6,5.9,0.596610864,-0.397740576
5,5,5.9,0.49717572,-0.49717572
1,9,5.95,0.895170298,-0.099463366
2,8,5.95,0.795706931,-0.198926733
3,7,5.95,0.696243565,-0.298390099
4,6,5.95,0.596780198,-0.397853466
5,5,5.95,0.497316832,-0.497316832
1,9,6,0.895411376,-0.099490153
2,8,6,0.795921223,-0.198980306
3,7,6,0.69643107,-0.298470459
4,6,6,0.596940917,-0.397960611
5,5,6,0.497450764,-0.497450764
1,9,6.05,0.895640208,-0.099515579
2,8,6.05,0.796124629,-0.199031157
3,7,6.05,0.696609051,-0.298546736
4,6,6.05,0.597093472,-0.398062315
5,5,6.05,0.497577893,-0.497577893
1,9,6.1,0.895857435,-0.099539715
2,8,6.1,0.79631772,-0.19907943
3,7,6.1,0.696778005,-0.298619145
4,6,6.1,0.59723829,-0.39815886
5,5,6.1,0.497698575,-0.497698575
1,9,6.15,0.896063661,-0.099562629
2,8,6.15,0.796501032,-0.199125258
3,7,6.15,0.696938403,-0.298687887
4,6,6.15,0.597375774,-0.398250516
5,5,6.15,0.497813145,-0.497813145
1,9,6.2,0.89625946,-0.099584384
2,8,6.2,0.796675076,-0.199168769
3,7,6.2,0.697090691,-0.298753153
4,6,6.2,0.597506307,-0.398337538
5,5,6.2,0.497921922,-0.497921922
1,9,6.25,0.896445373,-0.099605041
2,8,6.25,0.796840332,-0.199210083
3,7,6.25,0.69723529,-0.298815124
4,6,6.25,0.597630249,-0.398420166
5,5,6.25,0.498025207,-0.498025207
1,9,6.3,0.896621911,-0.099624657
2,8,6.3,0.796997254,-0.199249314
3,7,6.3,0.697372598,-0.29887397
4,6,6.3,0.597747941,-0.398498627
5,5,6.3,0.498123284,-0.498123284
1,9,6.35,0.896789559,-0.099643284
2,8,6.35,0.797146275,-0.199286569
3,7,6.35,0.697502991,-0.298929853
4,6,6.35,0.597859706,-0.398573137
5,5,6.35,0.498216422,-0.498216422
1,9,6.4,0.896948776,-0.099660975
2,8,6.4,0.7972878,-0.19932195
3,7,6.4,0.697626825,-0.298982925
4,6,6.4,0.59796585,-0.3986439
5,5,6.4,0.498304875,-0.498304875
1,9,6.45,0.897099994,-0.099677777
2,8,6.45,0.797422217,-0.199355554
3,7,6.45,0.69774444,-0.299033331
4,6,6.45,0.598066662,-0.398711108
5,5,6.45,0.498388885,-0.498388885
1,9,6.5,0.897243624,-0.099693736
2,8,6.5,0.797549888,-0.199387472
3,7,6.5,0.697856152,-0.299081208
4,6,6.5,0.598162416,-0.398774944
5,5,6.5,0.49846868,-0.49846868
1,9,6.55,0.897380057,-0.099708895
2,8,6.55,0.797671161,-0.19941779
3,7,6.55,0.697962266,-0.299126686
4,6,6.55,0.598253371,-0.398835581
5,5,6.55,0.498544476,-0.498544476
1,9,6.6,0.897509658,-0.099723295
2,8,6.6,0.797786363,-0.199446591
3,7,6.6,0.698063067,-0.299169886
4,6,6.6,0.598339772,-0.398893181
5,5,6.6,0.498616477,-0.498616477
1,9,6.65,0.897632778,-0.099736975
2,8,6.65,0.797895803,-0.199473951
3,7,6.65,0.698158827,-0.299210926
4,6,6.65,0.598421852,-0.398947901
5,5,6.65,0.498684877,-0.498684877
1,9,6.7,0.897749746,-0.099749972
2,8,6.7,0.797999775,-0.199499944
3,7,6.7,0.698249803,-0.299249915
4,6,6.7,0.598499831,-0.398999887
5,5,6.7,0.498749859,-0.498749859
1,9,6.75,0.897860876,-0.09976232
2,8,6.75,0.798098557,-0.199524639
3,7,6.75,0.698336237,-0.299286959
4,6,6.75,0.598573918,-0.399049278
5,5,6.75,0.498811598,-0.498811598
1,9,6.8,0.897966464,-0.099774052
2,8,6.8,0.798192413,-0.199548103
3,7,6.8,0.698418361,-0.299322155
4,6,6.8,0.598644309,-0.399096206
5,5,6.8,0.498870258,-0.498870258
1,9,6.85,0.898066791,-0.099785199
2,8,6.85,0.798281592,-0.199570398
3,7,6.85,0.698496393,-0.299355597
4,6,6.85,0.598711194,-0.399140796
5,5,6.85,0.498925995,-0.498925995
1,9,6.9,0.898162124,-0.099795792
2,8,6.9,0.798366332,-0.199591583
3,7,6.9,0.698570541,-0.299387375
4,6,6.9,0.598774749,-0.399183166
5,5,6.9,0.498978958,-0.498978958
1,9,6.95,0.898252714,-0.099805857
2,8,6.95,0.798446857,-0.199611714
3,7,6.95,0.698641,-0.299417571
4,6,6.95,0.598835143,-0.399223428
5,5,6.95,0.499029286,-0.499029286
1,9,7,0.898338802,-0.099815422
2,8,7,0.79852338,-0.199630845
3,7,7,0.698707957,-0.299446267
4,6,7,0.598892535,-0.39926169
5,5,7,0.499077112,-0.499077112
1,9,7.05,0.898420614,-0.099824513
2,8,7.05,0.798596102,-0.199649025
3,7,7.05,0.698771589,-0.299473538
4,6,7.05,0.598947076,-0.399298051
5,5,7.05,0.499122563,-0.499122563
1,9,7.1,0.898498366,-0.099833152
2,8,7.1,0.798665215,-0.199666304
3,7,7.1,0.698832063,-0.299499455
4,6,7.1,0.598998911,-0.399332607
5,5,7.1,0.499165759,-0.499165759
1,9,7.15,0.898572263,-0.099841363
2,8,7.15,0.7987309,-0.199682725
3,7,7.15,0.698889538,-0.299524088
4,6,7.15,0.599048175,-0.39936545
5,5,7.15,0.499206813,-0.499206813
1,9,7.2,0.898642496,-0.099849166
2,8,7.2,0.79879333,-0.199698333
3,7,7.2,0.698944164,-0.299547499
4,6,7.2,0.599094998,-0.399396665
5,5,7.2,0.499245831,-0.499245831
1,9,7.25,0.898709251,-0.099856583
2,8,7.25,0.798852668,-0.199713167
3,7,7.25,0.698996084,-0.29956975
4,6,7.25,0.599139501,-0.399426334
5,5,7.25,0.499282917,-0.499282917
1,9,7.3,0.898772702,-0.099863634
2,8,7.3,0.798909069,-0.199727267
3,7,7.3,0.699045435,-0.299590901
4,6,7.3,0.599181802,-0.399454534
5,5,7.3,0.499318168,-0.499318168
1,9,7.35,0.898833015,-0.099870335
2,8,7.35,0.79896268,-0.19974067
3,7,7.35,0.699092345,-0.299611005
4,6,7.35,0.59922201,-0.39948134
5,5,7.35,0.499351675,-0.499351675
1,9,7.4,0.898890345,-0.099876705
2,8,7.4,0.79901364,-0.19975341
3,7,7.4,0.699136935,-0.299630115
4,6,7.4,0.59926023,-0.39950682
5,5,7.4,0.499383525,-0.499383525
1,9,7.45,0.898944843,-0.09988276
2,8,7.45,0.799062082,-0.199765521
3,7,7.45,0.699179322,-0.299648281
4,6,7.45,0.599296562,-0.399531041
5,5,7.45,0.499413801,-0.499413801
1,9,7.5,0.898996649,-0.099888517
2,8,7.5,0.799108132,-0.199777033
3,7,7.5,0.699219616,-0.29966555
4,6,7.5,0.599331099,-0.399554066
5,5,7.5,0.499442583,-0.499442583
1,9,7.55,0.899045898,-0.099893989
2,8,7.55,0.799151909,-0.199787977
3,7,7.55,0.69925792,-0.299681966
4,6,7.55,0.599363932,-0.399575955
5,5,7.55,0.499469943,-0.499469943
1,9,7.6,0.899092717,-0.099899191
2,8,7.6,0.799193526,-0.199798382
3,7,7.6,0.699294335,-0.299697572
4,6,7.6,0.599395145,-0.399596763
5,5,7.6,0.499495954,-0.499495954
1,9,7.65,0.899137227,-0.099904136
2,8,7.65,0.799233091,-0.199808273
3,7,7.65,0.699328955,-0.299712409
4,6,7.65,0.599424818,-0.399616545
5,5,7.65,0.499520682,-0.499520682
1,9,7.7,0.899179544,-0.099908838
2,8,7.7,0.799270705,-0.199817676
3,7,7.7,0.699361867,-0.299726515
4,6,7.7,0.599453029,-0.399635353
5,5,7.7,0.499544191,-0.499544191
1,9,7.75,0.899219775,-0.099913308
2,8,7.75,0.799306467,-0.199826617
3,7,7.75,0.699393158,-0.299739925
4,6,7.75,0.59947985,-0.399653233
5,5,7.75,0.499566542,-0.499566542
1,9,7.8,0.899258025,-0.099917558
2,8,7.8,0.799340467,-0.199835117
3,7,7.8,0.699422908,-0.299752675
4,6,7.8,0.59950535,-0.399670233
5,5,7.8,0.499587792,-0.499587792
1,9,7.85,0.899294392,-0.099921599
2,8,7.85,0.799372793,-0.199843198
3,7,7.85,0.699451194,-0.299764797
4,6,7.85,0.599529595,-0.399686397
5,5,7.85,0.499607996,-0.499607996
1,9,7.9,0.89932897,-0.099925441
2,8,7.9,0.799403528,-0.199850882
3,7,7.9,0.699478087,-0.299776323
4,6,7.9,0.599552646,-0.399701764
5,5,7.9,0.499627205,-0.499627205
1,9,7.95,0.899361846,-0.099929094
2,8,7.95,0.799432752,-0.199858188
3,7,7.95,0.699503658,-0.299787282
4,6,7.95,0.599574564,-0.399716376
5,5,7.95,0.49964547,-0.49964547
1,9,8,0.899393106,-0.099932567
2,8,8,0.799460538,-0.199865135
3,7,8,0.699527971,-0.299797702
4,6,8,0.599595404,-0.399730269
5,5,8,0.499662837,-0.499662837
1,9,8.05,0.899422829,-0.09993587
2,8,8.05,0.799486959,-0.19987174
3,7,8.05,0.699551089,-0.29980761
4,6,8.05,0.599615219,-0.399743479
5,5,8.05,0.499679349,-0.499679349
1,9,8.1,0.899451091,-0.09993901
2,8,8.1,0.799512081,-0.19987802
3,7,8.1,0.699573071,-0.29981703
4,6,8.1,0.599634061,-0.399756041
5,5,8.1,0.499695051,-0.499695051
1,9,8.15,0.899477965,-0.099941996
2,8,8.15,0.799535969,-0.199883992
3,7,8.15,0.699593973,-0.299825988
4,6,8.15,0.599651977,-0.399767984
5,5,8.15,0.499709981,-0.499709981
1,9,8.2,0.899503519,-0.099944835
2,8,8.2,0.799558684,-0.199889671
3,7,8.2,0.699613848,-0.299834506
4,6,8.2,0.599669013,-0.399779342
5,5,8.2,0.499724177,-0.499724177
1,9,8.25,0.899527819,-0.099947535
2,8,8.25,0.799580283,-0.199895071
3,7,8.25,0.699632748,-0.299842606
4,6,8.25,0.599685212,-0.399790142
5,5,8.25,0.499737677,-0.499737677
1,9,8.3,0.899550925,-0.099950103
2,8,8.3,0.799600823,-0.199900206
3,7,8.3,0.69965072,-0.299850308
4,6,8.3,0.599700617,-0.399800411
5,5,8.3,0.499750514,-0.499750514
1,9,8.35,0.899572898,-0.099952544
2,8,8.35,0.799620354,-0.199905088
3,7,8.35,0.69966781,-0.299857633
4,6,8.35,0.599715265,-0.399810177
5,5,8.35,0.499762721,-0.499762721
1,9,8.4,0.899593793,-0.099954866
2,8,8.4,0.799638927,-0.199909732
3,7,8.4,0.699684061,-0.299864598
4,6,8.4,0.599729195,-0.399819464
5,5,8.4,0.499774329,-0.499774329
1,9,8.45,0.899613663,-0.099957074
2,8,8.45,0.799656589,-0.199914147
3,7,8.45,0.699699516,-0.299871221
4,6,8.45,0.599742442,-0.399828295
5,5,8.45,0.499785368,-0.499785368
1,9,8.5,0.899632559,-0.099959173
2,8,8.5,0.799673386,-0.199918346
3,7,8.5,0.699714212,-0.29987752
4,6,8.5,0.599755039,-0.399836693
5,5,8.5,0.499795866,-0.499795866
1,9,8.55,0.899650528,-0.09996117
2,8,8.55,0.799689358,-0.19992234
3,7,8.55,0.699728189,-0.299883509
4,6,8.55,0.599767019,-0.399844679
5,5,8.55,0.499805849,-0.499805849
1,9,8.6,0.899667617,-0.099963069
2,8,8.6,0.799704548,-0.199926137
3,7,8.6,0.69974148,-0.299889206
4,6,8.6,0.599778411,-0.399852274
5,5,8.6,0.499815343,-0.499815343
1,9,8.65,0.899683868,-0.099964874
2,8,8.65,0.799718994,-0.199929748
3,7,8.65,0.69975412,-0.299894623
4,6,8.65,0.599789245,-0.399859497
5,5,8.65,0.499824371,-0.499824371
1,9,8.7,0.899699323,-0.099966591
2,8,8.7,0.799732732,-0.199933183
3,7,8.7,0.69976614,-0.299899774
4,6,8.7,0.599799549,-0.399866366
5,5,8.7,0.499832957,-0.499832957
1,9,8.75,0.899714021,-0.099968225
2,8,8.75,0.799745796,-0.199936449
3,7,8.75,0.699777572,-0.299904674
4,6,8.75,0.599809347,-0.399872898
5,5,8.75,0.499841123,-0.499841123
1,9,8.8,0.899727999,-0.099969778
2,8,8.8,0.799758221,-0.199939555
3,7,8.8,0.699788444,-0.299909333
4,6,8.8,0.599818666,-0.399879111
5,5,8.8,0.499848888,-0.499848888
1,9,8.85,0.899741293,-0.099971255
2,8,8.85,0.799770038,-0.199942509
3,7,8.85,0.699798783,-0.299913764
4,6,8.85,0.599827528,-0.399885019
5,5,8.85,0.499856274,-0.499856274
1,9,8.9,0.899753935,-0.099972659
2,8,8.9,0.799781276,-0.199945319
3,7,8.9,0.699808616,-0.299917978
4,6,8.9,0.599835957,-0.399890638
5,5,8.9,0.499863297,-0.499863297
1,9,8.95,0.899765959,-0.099973995
2,8,8.95,0.799791964,-0.199947991
3,7,8.95,0.699817968,-0.299921986
4,6,8.95,0.599843973,-0.399895982
5,5,8.95,0.499869977,-0.499869977
1,9,9,0.899777395,-0.099975266
2,8,9,0.799802129,-0.199950532
3,7,9,0.699826863,-0.299925798
4,6,9,0.599851597,-0.399901064
5,5,9,0.49987633,-0.49987633
1,9,9.05,0.899788271,-0.099976475
2,8,9.05,0.799811796,-0.199952949
3,7,9.05,0.699835322,-0.299929424
4,6,9.05,0.599858847,-0.399905898
5,5,9.05,0.499882373,-0.499882373
1,9,9.1,0.899798614,-0.099977624
2,8,9.1,0.799820991,-0.199955248
3,7,9.1,0.699843367,-0.299932871
4,6,9.1,0.599865743,-0.399910495
5,5,9.1,0.499888119,-0.499888119
1,9,9.15,0.899808452,-0.099978717
2,8,9.15,0.799829735,-0.199957434
3,7,9.15,0.699851018,-0.299936151
4,6,9.15,0.599872301,-0.399914868
5,5,9.15,0.499893584,-0.499893584
1,9,9.2,0.899817808,-0.099979756
2,8,9.2,0.799838052,-0.199959513
3,7,9.2,0.699858295,-0.299939269
4,6,9.2,0.599878539,-0.399919026
5,5,9.2,0.499898782,-0.499898782
1,9,9.25,0.899826707,-0.099980745
2,8,9.25,0.799845962,-0.199961491
3,7,9.25,0.699865217,-0.299942236
4,6,9.25,0.599884472,-0.399922981
5,5,9.25,0.499903726,-0.499903726
1,9,9.3,0.899835171,-0.099981686
2,8,9.3,0.799853485,-0.199963371
3,7,9.3,0.6998718,-0.299945057
4,6,9.3,0.599890114,-0.399926743
5,5,9.3,0.499908428,-0.499908428
1,9,9.35,0.899843221,-0.09998258
2,8,9.35,0.799860641,-0.19996516
3,7,9.35,0.699878061,-0.29994774
4,6,9.35,0.59989548,-0.39993032
5,5,9.35,0.4999129,-0.4999129
1,9,9.4,0.899850877,-0.099983431
2,8,9.4,0.799867446,-0.199966862
3,7,9.4,0.699884015,-0.299950292
4,6,9.4,0.599900585,-0.399933723
5,5,9.4,0.499917154,-0.499917154
1,9,9.45,0.899858159,-0.09998424
2,8,9.45,0.799873919,-0.19996848
3,7,9.45,0.699889679,-0.29995272
4,6,9.45,0.599905439,-0.399936959
5,5,9.45,0.499921199,-0.499921199
1,9,9.5,0.899865085,-0.099985009
2,8,9.5,0.799880075,-0.199970019
3,7,9.5,0.699895066,-0.299955028
4,6,9.5,0.599910057,-0.399940038
5,5,9.5,0.499925047,-0.499925047
1,9,9.55,0.899871672,-0.099985741
2,8,9.55,0.799885931,-0.199971483
3,7,9.55,0.69990019,-0.299957224
4,6,9.55,0.599914448,-0.399942965
5,5,9.55,0.499928707,-0.499928707
1,9,9.6,0.899877938,-0.099986438
2,8,9.6,0.7998915,-0.199972875
3,7,9.6,0.699905063,-0.299959313
4,6,9.6,0.599918625,-0.39994575
5,5,9.6,0.499932188,-0.499932188
1,9,9.65,0.899883897,-0.0999871
2,8,9.65,0.799896797,-0.199974199
3,7,9.65,0.699909698,-0.299961299
4,6,9.65,0.599922598,-0.399948399
5,5,9.65,0.499935498,-0.499935498
1,9,9.7,0.899889565,-0.099987729
2,8,9.7,0.799901836,-0.199975459
3,7,9.7,0.699914106,-0.299963188
4,6,9.7,0.599926377,-0.399950918
5,5,9.7,0.499938647,-0.499938647
1,9,9.75,0.899894956,-0.099988328
2,8,9.75,0.799906628,-0.199976657
3,7,9.75,0.699918299,-0.299964985
4,6,9.75,0.599929971,-0.399953314
5,5,9.75,0.499941642,-0.499941642
1,9,9.8,0.899900084,-0.099988898
2,8,9.8,0.799911186,-0.199977796
3,7,9.8,0.699922288,-0.299966695
4,6,9.8,0.599933389,-0.399955593
5,5,9.8,0.499944491,-0.499944491
1,9,9.85,0.899904961,-0.09998944
2,8,9.85,0.799915521,-0.19997888
3,7,9.85,0.699926081,-0.29996832
4,6,9.85,0.599936641,-0.399957761
5,5,9.85,0.499947201,-0.499947201
1,9,9.9,0.8999096,-0.099989956
2,8,9.9,0.799919645,-0.199979911
3,7,9.9,0.699929689,-0.299969867
4,6,9.9,0.599939734,-0.399959822
5,5,9.9,0.499949778,-0.499949778
1,9,9.95,0.899914013,-0.099990446
2,8,9.95,0.799923567,-0.199980892
3,7,9.95,0.699933121,-0.299971338
4,6,9.95,0.599942675,-0.399961783
5,5,9.95,0.499952229,-0.499952229
1,9,10,0.89991821,-0.099990912
2,8,10,0.799927297,-0.199981824
3,7,10,0.699936385,-0.299972737
4,6,10,0.599945473,-0.399963649
5,5,10,0.499954561,-0.499954561